BirdID,Sex,Tarsus,BillL,BillW,Tail,Wing,Weight
TA14502,F,18.43333333,13.26666667,6.533333333,51.76666667,71.56666667,27.96666667
TA14505,F,18.1,13,6.133333333,57.33333333,76.5,27.4
TA14506,F,18.45,13.05,6.2,55.5,75,25.15
TA14507,F,18.15,13.15,6.35,57,75,26.1
TA14509,M,18.2,13.05,6.25,59.875,78.25,25.175
TA14513,F,17.36666667,12.7,6.133333333,55.33333333,74.4,24.83333333
TA14516,M,18.9,13.35,6.85,60,84,29.65
TA14518,M,19.16666667,13.56666667,6.766666667,60,81.83333333,29.4
TA14522,F,18.45,13.35,6.35,56.65,76.9,27.6
TA14525,F,19.2,13.96666667,6.3,57.33333333,78,28.06666667
TA14528,M,16.96666667,12.23333333,6.1,56.9,78.33333333,25.5
TA14529,M,20.23333333,14.13333333,6.566666667,62.1,83,30.2
TA14530,F,19.05,13.225,6.95,58,77.5,28.525
TA14531,M,20.125,12.925,6.825,59.75,79.825,31
TA14532,F,20.55,13.7,6.525,58.125,78.125,30.55
TA14541,M,17.75,12.95,6.7,62,80.5,26
TA14548,F,18.825,14.375,6.7,57.375,73.5,26.25
TA14549,F,18.2,13.33333333,6.633333333,56,75.33333333,26.26666667
TA14553,M,18.66666667,13.63333333,6.466666667,58.5,79.33333333,28
TA14554,F,19.15,13.225,6.275,55.625,75.75,29.475
TA14561,F,18.5,13.93333333,6.466666667,56.5,76.76666667,27.03333333
TA14565,F,18.65,13.275,6.475,53.95,75.2,25.9
TA14571,M,19.1,12.8,6.6,61.35,81.85,27.95
TA14573,M,19.125,13.125,6.375,61.125,82.75,29.7
TA14574,M,18.4,13,6.55,61.25,81.1,26.65
TA14581,M,18.2,13.06666667,6.433333333,58.33333333,78.5,26.93333333
TA14586,F,18.5,13.3,6.4,57.56666667,78.325,26.2
TA14598,M,18.5,14.73333333,6.466666667,59.5,78.33333333,27.5
TA14599,M,19.4,14.1,7,57.75,78.85,29.5
TA14600,F,18.5,13.8,6.333333333,56.66666667,76.33333333,28.23333333
TA14601,F,19.25,12.8,6.325,59.33333333,77.925,26.325
TA14604,F,19.26666667,13.7,6.233333333,59.83333333,78.66666667,29.76666667
TA14606,F,17.325,11.95,6.3,56.3,75.375,27.1
TA14607,F,18.45,12.6,6.25,58.5,77.5,27.95
TA14608,F,18.4,13.3,6.8,57,74.5,28.15
TA14610,F,17.7,13.3,6.7,57.25,75.25,26.2
TA14612,M,19.05,12.7,6.6,61.5,80.5,26.9
TA14630,M,18.4,13.4,6.6,55,78,26.9
TA14638,F,19.76666667,13.93333333,6.6,59.33333333,80.5,32.36666667
TA14644,M,19.86666667,12.83333333,6.433333333,57.5,79,28.06666667
TA14645,F,19.075,12.6,6.125,55.625,76.125,26.65
TA14647,M,19.4,13.8,6.5,60.16666667,80.16666667,28.4
TA14649,M,17.2,13,6.35,58,78,26.55
TA14651,M,17.45,12.8,6.25,53,75.15,25.85
TB09016,F,17,12.3,6.1,59,76.33333333,25.53333333
TB09019,F,18.4,13,6.1,59.85,78.15,26.25
TB09027,M,17.7,12.8,6.633333333,56,76.33333333,27.06666667
TB09036,F,17.76666667,13.13333333,6.333333333,57.66666667,76.06666667,26.66666667
TB09046,M,19.9,12.9,6.266666667,60.66666667,81.66666667,26.4
TB09047,F,18.63333333,13.56666667,6.7,59.5,76.9,26.43333333
TB09054,M,19,13.55,6.75,58.5,78.5,29
TB09055,M,18.9,14.1,7.05,58.25,77,27.3
TB09062,M,19.3,13.2,6.6,57.5,79,27.3
TB09067,F,18.5,13.55,6.85,59,77.66666667,27.4
TB09068,F,18.46666667,13.13333333,6.433333333,58.56666667,76.56666667,26.76666667
TB09069,F,17.4,13.6,6.85,56,77.5,30.05
TB09070,F,19.83333333,14.1,6.533333333,57,77.66666667,28.66666667
TB09072,F,18.15,13.33333333,6.466666667,57.66666667,78.33333333,26.975
TB09077,F,17.8,13.35,6.45,53.5,73.66666667,28.3
TB09084,F,18.53333333,13.4,6.366666667,54.83333333,76.5,27.8
TB09089,F,18.8,12.83333333,6.533333333,55.1,76.9,27.96666667
TB09091,M,18.83333333,13.8,6.366666667,57.33333333,79.5,28.96666667
TB09092,F,19.26666667,13.53333333,6.7,55.83333333,77.66666667,29.06666667
TB09097,F,17.7,13.75,6.25,56,76,28.05
TB09099,F,17.85,13.4,6.5,56.35,77.15,26.25
TB09102,F,17.86666667,13.26666667,6.233333333,56.5,74.66666667,24
TB09105,M,18.9,13.3,6.4,61,81,29.96666667
TB09110,M,20.15,13.55,6.7,60.4,81.15,31.5
TB09112,F,18.5,12.95,6.3,58,78,26.15
TB09115,M,18.3,13.36666667,6.1,58.5,79,26.16666667
TB09118,F,18.53333333,14.43333333,6.6,56.83333333,77.66666667,26.5
TB09119,M,19.45,14.15,6.35,59,80.75,29.65
TB09121,F,18.2,12.85,6.55,53.5,73.75,24.95
TB09125,F,18.5,12.45,6.5,54,74,26.6
TB09131,F,17.95,13.45,6.45,57.35,74.9,28.15
TB09133,F,18.7,13.7,6.45,55.5,76.25,29.25
TB09147,F,19.1,13.45,6.55,58,77.16666667,29.23333333
TB09153,F,19.9,13.95,6.25,59.5,77.33333333,28.1
TB09166,F,18.35,13.65,6.55,56,76.65,28.05
TB09168,M,19.1,13.25,6.35,59.5,79.5,28.15
TB09171,F,18.9,14.45,6.45,59.5,78,28.4
TB09173,M,18.7,13.43333333,6.733333333,58.66666667,79.66666667,27.73333333
TB09174,F,18.9,13.5,6.55,57.85,78.35,26.15
TB09178,M,18.86666667,13.36666667,6.166666667,59.66666667,79.5,26.53333333
TB09182,F,19.8,13.5,6.75,56.5,79,27.65
TB09183,M,19.05,13.85,6.55,58,79.25,29.25
TB09184,F,19.65,14.15,6.75,54.15,76.15,28.5
TB09185,F,18.23333333,13.36666667,6.833333333,56.1,75.23333333,27.73333333
TB09188,M,19.26666667,13.1,6.333333333,56.66666667,76.4,28.86666667
TB09199,M,18.86666667,13.13333333,6.166666667,60.66666667,80.83333333,28.33333333
TB09206,F,18.05,14,6.55,57.75,79.75,28.6
TB09207,F,18.63333333,13.6,6.466666667,56.1,77.9,27.3
TB09208,M,17.15,12.45,6.6,58.25,78.5,25.75
TB09209,M,19.3,12.5,6.4,60,78.5,28.4
TB09226,F,19.05,13.4,6.5,59,77.25,27.6
TB09229,M,18.96666667,13.1,6.1,57.5,79,27.3
TB09230,F,18.95,12.15,5.8,52,76,25.95
TB09232,F,18.55,13.3,6.3,56.75,76,26.9
TB09233,F,17.7,13,6.2,56.5,76,26.8
TB09234,F,18.8,13.3,6.3,56.16666667,77.33333333,28.5
TB09236,M,19.85,13.3,6.7,58,79.25,29.5
TB09243,F,18.86666667,13.2,6.133333333,56.5,76.5,28.03333333
TB09257,M,18.95,13.2,6.45,60.5,80.5,27.55
TB09258,F,19.75,13.3,6.4,60,78.75,28.85
TB09259,M,17.55,13.3,6,58.5,78.5,26.4
TB09270,M,18.4,14.5,6.65,58.5,78,29.45
TB09284,F,18.1,13.3,6.4,57,77.75,27.95
TB09291,M,19.6,13.65,6.25,59.75,78.5,28.25
TB09297,F,17.9,12.95,6.35,58.75,78.5,25.55
TB09299,M,19,13.6,6.35,59.5,81,29.2
TC19529,F,17.25,13.05,6.1,59.5,76.5,24.5
TC19533,F,18.45,12.9,6.35,56.5,77.5,29.35
TC19562,F,18.3,13.3,6.55,57.5,76.75,27.4
TC19569,F,19.45,13.2,6.45,58,79,31.75
TC19577,F,18.9,13.2,6.45,56,75,28.25
TC19587,F,18.45,13.95,6.5,58,76.5,26.15
TC19603,M,19.15,12.2,6.4,57,79.5,27.35
TC19609,M,19.75,13.15,6.5,57.5,79.5,28.05
TC19617,M,18.15,12.9,6,56.5,79.5,25.6
TC19647,F,18.5,12.6,6.25,56,77.5,27.2
TC19663,M,19.65,13,6.15,57.5,78.5,27.85
TC19664,F,18.8,12.9,6.1,57,75,25.7
TC19674,M,18.75,14.05,6.5,59,80.5,28.8
TC19676,M,18.95,13.35,6.6,57,77.5,26.25
TC19685,M,19.5,12.9,6.75,61.5,80.5,31.15
TC19695,M,18.2,13.45,6.35,55.5,75.5,27.15
TC19696,F,18.2,13.45,6.1,58.5,76,27
VS06799,M,18.375,12.425,6.325,58,78.75,26.575
VS50136,M,19.33333333,12.8,6.266666667,56.75,77.76666667,28.1
VS50139,M,18.25,13.3,6.3,60,78.5,26.2
VS50140,M,16.9,13.2,6.15,58,77.25,25.7
VS50141,F,19.8,13.9,6.35,59.375,78.425,29.45
VS50188,F,17.85,13.1,6.2,54.5,74.25,27.05
VV78215,M,19.55,13.775,6.425,57.5,78.875,28
VV78261,M,19.16666667,13.26666667,6.466666667,61,79.56666667,25.8
VX04201,M,17.725,13.3,6.65,57.2,77.05,26.875
VX04207,M,18.35,13.4,6.65,61,77.5,26.85
VX04208,M,18.15,12.825,6.425,54.75,76.1,27.9
VX04211,M,18.6,13.5,6.8,58.5,79,27.25
VX04222,F,18.85,13.9,6.7,55,75.5,25.55
VX04226,F,19.16666667,12.63333333,6.7,56.66666667,75.66666667,29.2
VX04228,F,18.26666667,13.5,6.566666667,57.23333333,77,27.26666667
VX04229,M,18.23333333,13.5,6.3,59,78,26.63333333
VX04252,F,19.15,13,6.2,59.25,77.75,28.6
VX04279,M,19.9,13.95,6.6,59.5,80,29.95
VX04284,M,18.15,13.35,6.3,58.5,80.5,27.15
VX04286,M,18.15,13.475,6.725,58.875,79,26.475
VX04291,F,18.775,12.95,6.6,59.75,78,27.125
VX04299,M,17.63333333,13.56666667,6.4,57,77,25.43333333
VX04306,M,18.8,12.45,6.375,58.125,80,26.575
VX04311,F,17.8,13.25,6.5,52.5,74.5,27.05
VX04325,M,18.46666667,13.63333333,6.633333333,63,80.66666667,30.7
VX04326,M,17.55,13.125,6.425,60.875,78.125,27.775
VX04336,M,16.9,14.05,6.4,55.5,77,25.25
VX04353,M,18.05,12.8,6.4,56,77,27.4
VX04363,F,19.575,13.075,6.3,58.25,77.5,27.325
VX04365,M,18.65,12.525,6.375,60.375,79.575,25.8
VX04369,F,19.1,13.925,6.575,56.125,77.075,25.9
VX04378,M,19.425,13.35,6.425,59.25,80.75,30.525
VX04391,M,18.65,13.1,6.85,60.5,80.5,29.25
VX04406,M,18.675,14.075,6.6,62.625,81.25,29.3
VX04422,M,18,12.925,6.55,61.45,81,28.3
VX04447,M,19.4,12.76666667,6.133333333,60,81.33333333,26.26666667
VX04453,F,18.2,13.35,6.15,56.75,75.25,26.55
VX04465,M,19.5,13.6,6.6,62,80,31.2
VX04467,F,17.55,13.15,6.075,56.75,74.5,24.525
VX04471,F,17.05,12.45,6.05,57.5,75.5,25.85
VX04473,F,17.475,13.15,6.2,56.375,76.5,25.7
VX04486,M,18.85,14.15,6.575,58.375,79.325,28.125
VX04489,M,17.16666667,12.96666667,6.133333333,57.66666667,77.66666667,26.23333333
VX04500,F,17.55,12.9,6.45,55,75.5,27.1