ChickNo,Sex,Survival,Mass2,BroodSize,HatchingSuccess,EggNo,JulianDate,Dad,Mum,BroodNo,Year
CC0002,F,1,,,,,,TA14526,TA14525,C001,2003
CC0005,M,1,,,,,,VX04326,VX04473,C003,2003
CC0006,M,1,,,,,,VX04326,VX04473,C003,2003
CC0007,F,1,,,,,,VX04326,VX04473,C003,2003
CC0008,M,1,,,,,,VV78215,TA14530,C004,2003
CC0009,F,1,,,,,,VV78215,TA14530,C004,2003
CC0011,M,1,,,,,,VX04208,TA14548,C005,2003
CC0012,F,1,,,,,,VX04208,TA14548,C005,2003
CC0013,F,1,,,,,,VX04406,VX04252,C006,2003
CC0014,M,1,,,,,,VX04406,VX04252,C006,2003
CC0015,M,1,,,,,,VX04364,TA14608,C007,2003
CC0016,F,1,,,,,,TA14531,VX04471,C008,2003
CC0017,F,1,,,,,,TA14531,VX04471,C008,2003
CC0018,F,1,,,,,,VX04325,VX04222,C009,2003
CC0019,M,1,,,,,,VX04325,VX04222,C009,2003
CC0020,F,1,,,,,,VX04325,VX04222,C009,2003
CC0021,F,1,,,,,,VX04325,VX04222,C009,2003
CC0022,M,1,,,,,,VX04349,TA14507,C010,2003
CC0023,F,1,,,,,,VX04349,TA14507,C010,2003
CC0030,F,1,,,,,,VS50139,TA14613,C012,2003
CC0031,M,1,,,,,,VS50139,TA14613,C012,2003
CC0032,M,1,,,,,,VX04391,TA14502,C013,2003
CC0033,M,1,,,,,,VX04422,VX04228,C015,2003
CC0034,F,1,,,,,,VX04422,VX04228,C015,2003
CC0035,F,1,,,,,,VX04229,VX04319,C016,2003
CC0036,F,1,,,,,,VX04229,VX04319,C016,2003
CC0037,F,1,,,,,,VX04229,VX04319,C016,2003
CC0038,F,0,,,4,,,TA14574,TA14601,C017,2003
CC0039,F,0,,,4,,,TA14574,TA14601,C017,2003
CC0040,F,0,,,4,,,TA14574,TA14601,C017,2003
CC0041,M,0,,,4,,,TA14574,TA14601,C017,2003
CC0042,F,1,,,,,,TA14509,TA14566,C018,2003
CC0043,M,0,,,2,,,VX04378,TA14565,C019,2003
CC0044,F,0,,,2,,,VX04378,TA14565,C019,2003
CC0046,M,0,,,1,,,VX04353,VX04311,C021,2003
CC0050,F,1,,2,2,3,,VX04306,TA14610,C023,2003
CC0051,F,1,,2,2,3,,VX04306,TA14610,C023,2003
CC0052,M,0,,,4,5,,VX04276,VX04319,C024,2003
CC0053,F,0,,,4,5,,VX04276,VX04319,C024,2003
CC0054,F,0,,,4,5,,VX04276,VX04319,C024,2003
CC0056,F,0,,,4,5,,VX04229,TA14584,C025,2003
CC0058,M,0,,,,,,VX04376,VX04292,C026,2003
CC0059,F,0,,,,,,VX04376,VX04292,C026,2003
CC0060,M,1,,,,,,VK73747,VX04213,C027,2003
CC0061,M,1,,,,,,VK73747,VX04213,C027,2003
CC0062,F,1,,,,,,VK73747,VX04213,C027,2003
CC0063,F,1,,,3,4,47,TA14630,TA14645,C028,2003
CC0069,F,0,,,3,4,48,VS06794,VS50141,C030,2003
CC0070,M,1,,,3,4,48,VS06794,VS50141,C030,2003
CC0073,M,0,,,,,,TA14552,TA14513,C032,2003
CC0074,F,0,,,5,5,49,VX04276,VX04319,C033,2003
CC0075,M,0,,,5,5,49,VX04276,VX04319,C033,2003
CC0076,F,0,,,5,5,49,VX04276,VX04319,C033,2003
CC0077,M,0,,,5,5,49,VX04276,VX04319,C033,2003
CC0078,M,0,,,2,3,52,VX04284,VX04265,C034,2003
CC0082,F,0,,,3,3,54,VX04365,VX04369,C036,2003
CC0083,M,1,,,3,3,54,VX04365,VX04369,C036,2003
CC0084,M,1,,,3,3,54,VX04365,VX04369,C036,2003
CC0085,M,1,,,2,3,54,TA14651,VX04453,C037,2003
CC0086,F,1,,,2,3,54,TA14651,VX04453,C037,2003
CC0089,M,1,,,4,5,55,VX04225,VX04467,C038,2003
CC0090,M,1,,,4,5,55,VX04225,VX04467,C038,2003
CC0091,F,1,,,4,5,55,VX04225,VX04467,C038,2003
CC0092,F,0,,,4,5,55,TA14516,VV78245,C038,2003
CC0093,F,1,,,4,4,55,TA14516,VV78245,C039,2003
CC0094,F,1,,,4,4,55,TA14516,VV78245,C039,2003
CC0095,F,1,,,4,4,55,TA14516,VV78245,C039,2003
CC0096,M,0,,,4,4,55,TA14516,VV78245,C039,2003
CC0097,F,1,,,4,4,56,TA14516,VX04491,C040,2003
CC0098,M,1,,,4,4,56,TA14516,VX04491,C040,2003
CC0099,F,1,,,4,4,56,TA14516,VX04491,C040,2003
CC0100,M,1,,,4,4,56,TA14516,VX04491,C040,2003
CC0101,F,1,,,4,4,56,VX04365,VX04500,C041,2003
CC0102,F,1,,,4,4,56,VX04365,VX04500,C041,2003
CC0103,M,0,,,4,4,56,VX04365,VX04500,C041,2003
CC0104,F,0,,,4,4,56,VX04365,VX04500,C041,2003
CC0105,F,1,,,2,2,56,VV78215,VX04323,C042,2003
CC0106,F,1,,,2,2,56,VV78215,VX04323,C042,2003
CC0108,F,1,,,3,4,56,VX04296,VX04473,C043,2003
CC0109,F,1,,,3,4,56,VX04296,VX04473,C043,2003
CC0110,F,1,,,3,4,56,VX04296,VX04473,C043,2003
CC0111,M,0,,,3,4,57,TA14612,TA14522,C044,2003
CC0112,M,0,,,3,4,57,TA14612,TA14522,C044,2003
CC0113,F,0,,,3,4,57,TA14612,TA14522,C044,2003
CC0116,F,0,,,3,5,57,TA14599,TA14532,C045,2003
CC0118,M,0,,,3,5,57,TA14599,TA14532,C045,2003
CC0120,F,0,,,3,4,57,VX04486,VX04226,C046,2003
CC0121,F,0,,,3,4,57,VX04486,VX04226,C046,2003
CC0124,F,1,,,3,5,58,VX04465,TA14604,C048,2003
CC0127,F,1,,,2,4,58,VX04299,VX04291,C049,2003
CC0133,M,1,,,1,5,59,TA14518,TA14613,C050,2003
CC0135,M,0,,,4,4,64,TA14567,TA14554,C051,2003
CC0137,F,0,,,4,4,64,TA14567,TA14554,C051,2003
CC0138,M,1,,,4,4,65,VV78261,TA14620,C052,2003
CC0139,M,0,,,4,4,65,VV78261,TA14620,C052,2003
CC0140,F,0,,,4,4,65,VV78261,TA14620,C052,2003
CC0141,M,1,,,4,4,65,VV78261,TA14620,C052,2003
CC0142,M,1,,,4,4,67,TA14553,TA14586,C053,2003
CC0143,M,0,,,4,4,67,TA14553,TA14586,C053,2003
CC0144,F,1,,,4,4,67,TA14553,TA14586,C053,2003
CC0145,M,0,,,4,4,67,TA14553,TA14586,C053,2003
CC0148,F,0,,,2,4,67,VS06761,TA14638,C054,2003
CC0149,F,0,,,2,4,67,VS06761,TA14638,C054,2003
CC0152,F,1,,4,4,4,68,VX04391,TA14502,C056,2003
CC0153,F,1,,4,4,4,68,VX04391,TA14502,C056,2003
CC0154,M,1,,4,4,4,68,VX04391,TA14502,C056,2003
CC0155,F,0,,4,4,4,68,VX04391,TA14502,C056,2003
CC0157,M,1,,4,4,5,69,VX04353,VX04311,C057,2003
CC0158,M,1,,4,4,5,69,VX04353,VX04311,C057,2003
CC0159,F,1,,4,4,5,69,VX04353,VX04311,C057,2003
CC0161,F,1,,3,3,4,68,TA14571,TA14606,C058,2003
CC0162,M,0,,3,3,4,68,TA14571,TA14606,C058,2003
CC0164,F,1,,3,3,4,70,VX04349,TA14507,C059,2003
CC0165,M,1,,3,3,4,70,VX04349,TA14507,C059,2003
CC0166,M,0,,3,3,4,70,VX04349,TA14507,C059,2003
CC0168,M,1,,3,3,5,70,VX04378,TA14565,C060,2003
CC0169,M,1,,3,3,5,70,VX04378,TA14565,C060,2003
CC0170,F,1,,3,3,5,70,VX04378,TA14565,C060,2003
CC0171,F,1,,4,4,6,71,VX04208,TA14548,C061,2003
CC0172,M,0,,4,4,6,71,VX04208,TA14548,C061,2003
CC0173,M,1,,4,4,6,71,VX04208,TA14548,C061,2003
CC0176,M,0,,4,4,6,71,VX04208,TA14548,C061,2003
CC0178,F,0,,3,3,4,70,VS06799,TA14530,C062,2003
CC0179,F,1,,3,3,4,70,VS06799,TA14530,C062,2003
CC0180,F,1,,3,3,4,70,VS06799,TA14530,C062,2003
CC0182,F,1,3.5,3,3,4,73,VX04364,TA14608,C063,2003
CC0183,M,1,4.25,3,3,4,73,VX04364,TA14608,C063,2003
CC0184,F,1,4.25,3,3,4,73,VX04364,TA14608,C063,2003
CC0188,F,0,5.75,3,3,6,73,TA14523,TA14549,C064,2003
CC0189,M,0,3.75,3,3,6,73,TA14523,TA14549,C064,2003
CC0192,M,1,2.75,5,5,5,74,VX04211,VX04241,C066,2003
CC0193,M,1,3.5,5,5,5,74,VX04211,VX04241,C066,2003
CC0194,F,1,4,5,5,5,74,VX04211,VX04241,C066,2003
CC0195,F,1,3.75,5,5,5,74,VX04211,VX04241,C066,2003
CC0196,F,1,3.5,5,5,5,74,VX04211,VX04241,C066,2003
CC0200,F,0,6.5,1,2,5,73,VX04336,TA14525,C067,2003
CC0204,M,1,4.25,5,5,5,74,VX04422,VX04228,C069,2003
CC0205,M,0,4,5,5,5,74,VX04422,VX04228,C069,2003
CC0207,M,0,3.5,5,5,5,74,VX04422,VX04228,C069,2003
CC0208,F,0,1.75,5,5,5,74,VX04422,VX04228,C069,2003
CC0212,F,0,5.5,1,1,4,73,VX04286,TB09072,C070,2003
CC0213,M,0,,1,3,4,75,VS06794,VX04459,C071,2003
CC0214,M,0,3.25,1,3,4,75,VS06794,VX04459,C071,2003
CC0216,M,1,5.75,4,5,5,75,VX04276,VX04319,C072,2003
CC0217,M,1,4,4,5,5,75,VX04276,VX04319,C072,2003
CC0218,M,1,5.75,4,5,5,75,VX04276,VX04319,C072,2003
CC0219,F,0,3.5,4,5,5,75,VX04276,VX04319,C072,2003
CC0220,F,0,,4,5,5,75,VX04276,VX04319,C072,2003
CC0221,M,0,4.75,4,5,5,75,TA14509,TA14566,C073,2003
CC0222,M,1,6,4,5,5,75,TA14509,TA14566,C073,2003
CC0223,M,1,6.25,4,5,5,75,TA14509,TA14566,C073,2003
CC0224,F,0,3,4,5,5,75,TA14509,TA14566,C073,2003
CC0225,F,0,3.75,4,5,5,76,VX04325,VX04222,C074,2003
CC0226,F,1,3.75,4,5,5,76,VX04325,VX04222,C074,2003
CC0227,M,1,3.25,4,5,5,76,VX04325,VX04222,C074,2003
CC0228,M,1,2.75,4,5,5,76,VX04325,VX04222,C074,2003
CC0229,M,0,3.25,5,5,5,76,VX04284,VX04265,C075,2003
CC0230,F,0,4,5,5,5,76,VX04284,VX04265,C075,2003
CC0231,F,0,3.25,5,5,5,76,VX04284,VX04265,C075,2003
CC0232,M,0,3.75,5,5,5,76,VX04284,VX04265,C075,2003
CC0233,F,0,3,5,5,5,76,VX04284,VX04265,C075,2003
CC0234,F,1,5,4,5,5,76,VX04229,TA14584,C076,2003
CC0235,F,1,5,4,5,5,76,VX04229,TA14584,C076,2003
CC0236,M,1,4.75,4,5,5,76,VX04229,TA14584,C076,2003
CC0237,M,1,2.75,4,5,5,76,VX04229,TA14584,C076,2003
CC0238,F,0,,4,5,5,76,VX04229,TA14584,C076,2003
CC0240,M,1,5.25,3,3,4,76,VX04489,TA14601,C077,2003
CC0241,M,1,4.5,3,3,4,76,VX04489,TA14601,C077,2003
CC0242,F,0,2.5,3,3,4,76,VX04489,TA14601,C077,2003
CC0244,F,1,4.25,3,3,4,76,VX04376,VX04292,C078,2003
CC0245,F,1,5.5,3,3,4,76,VX04376,VX04292,C078,2003
CC0246,F,0,2.5,3,3,4,76,VX04376,VX04292,C078,2003
CC0247,F,1,4.75,5,5,5,77,TA14552,TA14513,C079,2003
CC0248,F,1,4.5,5,5,5,77,TA14552,TA14513,C079,2003
CC0249,F,0,3.5,5,5,5,77,TA14552,TA14513,C079,2003
CC0250,F,0,3,5,5,5,77,TA14552,TA14513,C079,2003
CC0252,M,1,5,2,2,3,78,TA14531,VX04471,C080,2003
CC0253,F,1,5.5,2,2,3,78,TA14531,VX04471,C080,2003
CC0256,F,1,3.25,3,3,5,80,VX04326,TA14522,C081,2003
CC0257,F,1,5.5,4,4,4,81,VX04201,TA14561,C082,2003
CC0258,M,1,5,4,4,4,81,VX04201,TA14561,C082,2003
CC0259,F,1,4.25,4,4,4,81,VX04201,TA14561,C082,2003
CC0260,M,1,3.5,2,3,3,82,TA14639,TA14610,C083,2003
CC0261,M,1,3.25,2,3,3,82,TA14639,TA14610,C083,2003
CC0262,M,0,,2,3,3,82,TA14639,TA14610,C083,2003
CC0263,F,1,3.75,4,4,4,82,VS06764,TA14532,C084,2003
CC0264,M,1,4,4,4,4,82,VS06764,TA14532,C084,2003
CC0265,F,1,4.25,4,4,4,82,VS06764,TA14532,C084,2003
CC0266,F,1,2.75,4,4,4,82,VS06764,TA14532,C084,2003
CC0267,M,0,,3,4,4,83,VK73747,VX04500,C085,2003
CC0268,F,0,4,3,4,4,83,VK73747,VX04500,C085,2003
CC0269,F,0,4.25,3,4,4,83,VK73747,VX04500,C085,2003
CC0270,F,0,3.75,3,4,4,83,VK73747,VX04500,C085,2003
CC0271,M,1,5.5,4,4,4,89,TA14630,TA14645,C086,2003
CC0272,F,1,4.5,4,4,4,89,TA14630,TA14645,C086,2003
CC0273,M,0,3.75,4,4,4,89,TA14630,TA14645,C086,2003
CC0274,F,1,3.75,4,4,4,90,VS06761,TA14638,C087,2003
CC0275,M,0,3.5,4,4,4,90,VS06761,TA14638,C087,2003
CC0276,M,0,4.25,4,4,4,90,VS06761,TA14638,C087,2003
CC0277,M,0,2.25,4,4,4,90,VS06761,TA14638,C087,2003
CC0278,F,1,3.25,5,5,5,90,VX04306,VX04363,C088,2003
CC0279,F,1,3.25,5,5,5,90,VX04306,VX04363,C088,2003
CC0280,F,1,4,5,5,5,90,VX04306,VX04363,C088,2003
CC0281,F,1,3.75,5,5,5,90,VX04306,VX04363,C088,2003
CC0282,F,1,2,5,5,5,90,VX04306,VX04363,C088,2003
CC0283,F,1,2.25,4,4,4,91,VX04365,VX04369,C089,2003
CC0284,F,1,3.75,4,4,4,91,VX04365,VX04369,C089,2003
CC0285,F,1,4,4,4,4,91,VX04365,VX04369,C089,2003
CC0286,F,1,4.5,4,4,4,91,VX04365,VX04369,C089,2003
CC0287,F,1,6,5,5,5,91,TA14651,VX04453,C090,2003
CC0288,M,1,6.25,5,5,5,91,TA14651,VX04453,C090,2003
CC0289,M,1,4.75,5,5,5,91,TA14651,VX04453,C090,2003
CC0290,F,1,4.75,5,5,5,91,TA14651,VX04453,C090,2003
CC0291,F,0,2.5,5,5,5,91,TA14651,VX04453,C090,2003
CC0292,F,1,3.5,3,3,3,92,TA14599,VS50141,C091,2003
CC0293,M,1,3.75,3,3,3,92,TA14599,VS50141,C091,2003
CC0294,F,1,3.75,3,3,3,92,TA14599,VS50141,C091,2003
CC0296,M,0,3.75,5,5,5,93,TA14526,TA14525,C092,2003
CC0297,F,0,3.75,5,5,5,93,TA14526,TA14525,C092,2003
CC0298,F,0,3.5,5,5,5,93,TA14526,TA14525,C092,2003
CC0299,F,0,2.75,5,5,5,93,TA14526,TA14525,C092,2003
CC0300,F,1,4.75,5,5,5,97,VV78262,VX04500,C093,2003
CC0301,M,1,4.25,5,5,5,97,VV78262,VX04500,C093,2003
CC0302,M,0,3.25,5,5,5,97,VV78262,VX04500,C093,2003
CC0303,F,0,3.25,5,5,5,97,VV78262,VX04500,C093,2003
CC0304,F,1,3.25,5,5,5,97,VV78262,VX04500,C093,2003
CC0305,F,1,3.25,4,4,4,,VV78215,VX04323,C094,2003
CC0306,F,1,4,4,4,4,,VV78215,VX04323,C094,2003
CC0307,M,0,2.5,4,4,4,,VV78215,VX04323,C094,2003
CC0308,M,1,3.75,5,5,5,97,VX04406,VX04252,C095,2003
CC0309,M,1,3,5,5,5,97,VX04406,VX04252,C095,2003
CC0310,M,1,2.5,5,5,5,97,VX04406,VX04252,C095,2003
CC0311,M,1,5,5,5,5,97,VX04406,VX04252,C095,2003
CC0312,M,0,5,5,5,5,97,VX04406,VX04252,C095,2003
CC0313,F,1,3.5,5,5,5,97,VX04486,TA14620,C096,2003
CC0314,M,1,4,5,5,5,97,VX04486,TA14620,C096,2003
CC0315,F,0,3.75,5,5,5,97,VX04486,TA14620,C096,2003
CC0316,F,1,2.5,5,5,5,97,VX04486,TA14620,C096,2003
CC0319,F,1,5.5,3,3,5,98,VX04428,TA14607,C097,2003
CC0320,F,1,4.5,3,3,5,98,VX04428,TA14607,C097,2003
CC0321,M,1,5,3,3,5,98,VX04428,TA14607,C097,2003
CC0322,F,1,3.5,3,3,4,99,VS06794,VX04459,C098,2003
CC0323,M,1,3.5,3,3,4,99,VS06794,VX04459,C098,2003
CC0324,F,1,3,3,3,4,99,VS06794,VX04459,C098,2003
CC0325,M,1,4.5,3,3,3,99,VX04286,TB09072,C099,2003
CC0326,M,1,3.5,3,3,3,99,VX04286,TB09072,C099,2003
CC0327,F,1,4,3,3,3,99,VX04286,TB09072,C099,2003
CC0328,F,1,4,5,5,5,99,VX04299,VX04291,C100,2003
CC0329,M,1,4.75,5,5,5,99,VX04299,VX04291,C100,2003
CC0330,F,1,4.25,5,5,5,99,VX04299,VX04291,C100,2003
CC0331,M,0,2.5,5,5,5,99,VX04299,VX04291,C100,2003
CC0332,F,0,2.5,5,5,5,99,VX04299,VX04291,C100,2003
CC0333,M,0,5.5,4,4,4,100,TA14518,TA14554,C101,2003
CC0334,M,1,5.25,4,4,4,100,TA14518,TA14554,C101,2003
CC0335,M,1,3.5,4,4,4,100,TA14518,TA14554,C101,2003
CC0336,M,0,2.75,4,4,4,100,TA14518,TA14554,C101,2003
CC0338,M,1,6,3,3,3,100,TA14573,VX04491,C102,2003
CC0339,M,0,5.5,3,3,3,100,TA14573,VX04491,C102,2003
CC0340,M,0,4,3,3,4,101,VX04465,TA14604,C103,2003
CC0341,F,0,3.5,3,3,4,101,VX04465,TA14604,C103,2003
CC0342,M,0,2.5,3,3,4,101,VX04465,TA14604,C103,2003
CC0343,M,1,2.5,5,5,5,103,VV78261,TA14606,C104,2003
CC0344,F,1,2.75,5,5,5,103,VV78261,TA14606,C104,2003
CC0345,M,0,2.5,5,5,5,103,VV78261,TA14606,C104,2003
CC0346,M,0,2.25,5,5,5,103,VV78261,TA14606,C104,2003
CC0347,F,0,2,5,5,5,103,VV78261,TA14606,C104,2003
CC0348,M,1,3.75,4,4,4,104,VX04490,TA14613,C105,2003
CC0349,F,1,4.25,4,4,4,104,VX04490,TA14613,C105,2003
CC0350,F,0,3.5,4,4,4,104,VX04490,TA14613,C105,2003
CC0351,F,0,2,4,4,4,104,VX04490,TA14613,C105,2003
CC0352,F,1,4.5,4,4,5,105,VX04390,TA14549,C106,2003
CC0353,M,1,4,4,4,5,105,VX04390,TA14549,C106,2003
CC0354,F,1,3,4,4,5,105,VX04390,TA14549,C106,2003
CC0355,F,0,2.25,4,4,5,105,VX04390,TA14549,C106,2003
CC0356,F,0,4.25,4,5,5,105,VX04391,TA14502,C107,2003
CC0357,M,1,3.75,4,5,5,105,VX04391,TA14502,C107,2003
CC0358,F,1,3,4,5,5,105,VX04391,TA14502,C107,2003
CC0359,F,0,2.5,4,5,5,105,VX04391,TA14502,C107,2003
CC0362,F,0,2,4,4,4,106,TA14553,TA14586,C108,2003
CC0363,M,0,2,4,4,4,106,TA14553,TA14586,C108,2003
CC0364,M,0,1.5,4,4,4,106,TA14553,TA14586,C108,2003
CC0369,M,1,3.75,3,4,5,107,VX04353,VX04311,C110,2003
CC0370,F,1,4,3,4,5,107,VX04353,VX04311,C110,2003
CC0371,F,1,1.75,3,4,5,107,VX04353,VX04311,C110,2003
CC0373,M,0,,1,5,5,107,VX04422,VX04228,C111,2003
CC0374,M,0,,1,5,5,107,VX04422,VX04228,C111,2003
CC0375,M,0,,1,5,5,107,VX04422,VX04228,C111,2003
CC0376,F,0,,1,5,5,107,VX04422,VX04228,C111,2003
CC0378,F,1,4.5,4,4,5,109,VX04208,TA14548,C112,2003
CC0379,M,1,4.75,4,4,5,109,VX04208,TA14548,C112,2003
CC0380,M,1,4.5,4,4,5,109,VX04208,TA14548,C112,2003
CC0381,M,0,2.25,4,4,5,109,VX04208,TA14548,C112,2003
CC0382,F,0,,0,4,4,110,VX04349,TA14507,C113,2003
CC0383,F,0,,0,4,4,110,VX04349,TA14507,C113,2003
CC0384,F,0,,0,4,4,110,VX04349,TA14507,C113,2003
CC0385,M,0,4,0,4,4,113,VX04378,TA14565,C114,2003
CC0386,M,0,3.5,0,4,4,113,VX04378,TA14565,C114,2003
CC0387,M,0,2.75,0,4,4,113,VX04378,TA14565,C114,2003
CC0388,M,0,2.75,0,4,4,113,VX04378,TA14565,C114,2003
CC0391,M,0,5.75,2,2,4,112,VX04465,VX04265,C115,2003
CC0392,M,0,3.5,2,2,4,112,VX04465,VX04265,C115,2003
CC0393,F,1,4.5,4,4,4,114,TA14531,VX04471,C116,2003
CC0394,F,0,4.25,4,4,4,114,TA14531,VX04471,C116,2003
CC0395,M,0,2.75,4,4,4,114,TA14531,VX04471,C116,2003
CC0396,M,1,3.5,5,5,5,116,VX04211,VX04241,C117,2003
CC0397,F,1,4,5,5,5,116,VX04211,VX04241,C117,2003
CC0398,F,1,3.5,5,5,5,116,VX04211,VX04241,C117,2003
CC0399,M,0,2,5,5,5,116,VX04211,VX04241,C117,2003
CC0400,F,0,2,5,5,5,116,VX04211,VX04241,C117,2003
CC0401,M,0,5,4,4,4,117,VS06799,TA14530,C118,2003
CC0402,M,1,4.25,4,4,4,117,VS06799,TA14530,C118,2003
CC0403,M,1,4.5,4,4,4,117,VS06799,TA14530,C118,2003
CC0404,F,1,2.25,4,4,4,117,VS06799,TA14530,C118,2003
CC0405,M,1,4.25,3,3,3,117,VX04326,TA14522,C119,2003
CC0406,F,1,3.75,3,3,3,117,VX04326,TA14522,C119,2003
CC0407,M,1,2.75,3,3,3,117,VX04326,TA14522,C119,2003
CC0411,F,1,4.5,2,2,4,121,VX04284,TA14584,C122,2003
CC0412,F,1,4.5,2,2,4,121,VX04284,TA14584,C122,2003
CC0413,M,1,,3,3,3,126,TA14651,VX04453,C123,2003
CC0414,M,1,,3,3,3,126,TA14651,VX04453,C123,2003
CC0415,M,1,,3,3,3,126,TA14651,VX04453,C123,2003
CC0416,M,1,4.5,5,5,5,130,VX04306,VX04363,C124,2003
CC0417,M,1,5,5,5,5,130,VX04306,VX04363,C124,2003
CC0418,F,1,5.25,5,5,5,130,VX04306,VX04363,C124,2003
CC0419,M,1,2.5,5,5,5,130,VX04306,VX04363,C124,2003
CC0420,M,0,3.75,5,5,5,130,VX04306,VX04363,C124,2003
CC0421,F,1,6.75,5,5,5,129,VX04422,VX04228,C125,2003
CC0422,M,1,7,5,5,5,129,VX04422,VX04228,C125,2003
CC0423,M,1,5.75,5,5,5,129,VX04422,VX04228,C125,2003
CC0424,F,1,6.75,5,5,5,129,VX04422,VX04228,C125,2003
CC0425,M,1,4.25,5,5,5,129,VX04422,VX04228,C125,2003
CC0426,F,1,5,4,4,4,130,TA14630,TA14645,C126,2003
CC0427,F,1,5.5,4,4,4,130,TA14630,TA14645,C126,2003
CC0428,F,0,4,4,4,4,130,TA14630,TA14645,C126,2003
CC0429,M,0,3.75,4,4,4,130,TA14630,TA14645,C126,2003
CC0432,F,0,,2,3,5,130,TA14647,TA14586,C127,2003
CC0433,F,1,6.5,2,3,5,130,TA14647,TA14586,C127,2003
CC0434,M,1,6.5,2,3,5,130,TA14647,TA14586,C127,2003
CC0436,F,1,,3,3,4,126,VX04201,TA14561,C128,2003
CC0438,F,1,7.75,3,3,4,129,VX04325,VX04222,C129,2003
CC0439,F,1,6.75,3,3,4,129,VX04325,VX04222,C129,2003
CC0440,F,1,5.25,3,3,4,129,VX04325,VX04222,C129,2003
CC0443,F,1,,3,3,5,126,VX04336,TA14513,C130,2003
CC0444,M,1,,3,3,5,126,VX04336,TA14513,C130,2003
CC0445,M,0,,3,3,5,126,VX04336,TA14513,C130,2003
CC0446,F,1,5.5,4,4,4,130,VX04465,TA14532,C131,2003
CC0447,F,1,5.5,4,4,4,130,VX04465,TA14532,C131,2003
CC0448,F,1,4.5,4,4,4,130,VX04465,TA14532,C131,2003
CC0449,M,0,2,4,4,4,130,VX04465,TA14532,C131,2003
CC0450,F,0,,0,5,5,130,VS06761,TA14638,C132,2003
CC0451,F,0,7,0,5,5,130,VS06761,TA14638,C132,2003
CC0452,M,0,7,0,5,5,130,VS06761,TA14638,C132,2003
CC0453,F,0,6.25,0,5,5,130,VS06761,TA14638,C132,2003
CC0454,M,0,,0,5,5,130,VS06761,TA14638,C132,2003
CC0455,F,0,,4,4,4,134,VX04365,VX04369,C133,2003
CC0456,M,1,4.2,4,4,4,134,VX04365,VX04369,C133,2003
CC0457,M,1,2.25,4,4,4,134,VX04365,VX04369,C133,2003
CC0458,M,0,1.75,4,4,4,134,VX04365,VX04369,C133,2003
CC0459,M,1,3.75,3,3,3,135,VV78215,VX04323,C134,2003
CC0460,F,1,3.5,3,3,3,135,VV78215,VX04323,C134,2003
CC0461,M,0,2.75,3,3,3,135,VV78215,VX04323,C134,2003
CC0468,M,0,,3,4,5,107,VX04353,VX04311,C110,2003
CC0469,F,0,,,,,,VX04376,VX04292,C026,2003
CD0001,M,1,,,,,,VX04353,VX04311,D001,2004
CD0002,F,1,,,,,,VX04353,VX04311,D001,2004
CD0003,F,1,,,,,,TA14651,VX04453,D002,2004
CD0004,M,1,,,,,,TA14599,VS50141,D003,2004
CD0005,F,1,,,,,,TA14599,VS50141,D003,2004
CD0006,M,1,,,,,,VX04365,VX04369,D004,2004
CD0007,F,1,,,,,,VX04365,VX04369,D004,2004
CD0008,F,1,,,,,,TA14647,TA14586,D005,2004
CD0014,M,1,,,,,,VX04201,TA14561,D007,2004
CD0015,M,0,,0,1,,24,VX04326,TA14522,D008,2004
CD0018,M,0,,0,2,,24,VX04391,TA14502,D010,2004
CD0020,F,0,,0,1,,24,TA14529,TA14600,D011,2004
CD0025,M,0,3.8,5,5,5,26,VX04447,TB09137,D014,2004
CD0026,F,0,3.3,5,5,5,26,VX04306,VX04363,D014,2004
CD0027,F,0,2.8,5,5,5,26,VX04306,VX04363,D014,2004
CD0029,F,0,2,5,5,5,26,VX04306,VX04363,D014,2004
CD0030,F,0,4.3,5,5,6,26,VX04306,VX04363,D015,2004
CD0031,F,0,2,5,5,6,26,VX04447,TB09137,D015,2004
CD0032,F,0,2.3,5,5,6,26,VX04447,TB09137,D015,2004
CD0033,F,0,1.8,5,5,6,26,VX04447,TB09137,D015,2004
CD0034,F,0,1.8,5,5,6,26,VX04447,TB09137,D015,2004
CD0040,M,0,3.3,2,2,5,28,VX04422,VX04228,D017,2004
CD0041,M,0,2.9,2,2,5,28,VX04422,VX04228,D017,2004
CD0045,F,0,4.2,5,5,6,29,TB09199,TB09112,D018,2004
CD0046,F,0,3.8,5,5,6,29,TB09199,TB09112,D018,2004
CD0047,F,0,3.5,5,5,6,29,VX04422,VX04228,D018,2004
CD0048,F,0,3.7,5,5,6,29,VX04422,VX04228,D018,2004
CD0049,M,0,3.6,5,5,6,29,VX04422,VX04228,D018,2004
CD0051,F,0,2.9,4,4,4,29,TB09091,TB09207,D019,2004
CD0052,M,1,2.9,4,4,4,29,VX04465,TA14532,D019,2004
CD0053,M,0,2.5,4,4,4,29,VX04465,TA14532,D019,2004
CD0055,M,0,4,4,4,4,30,TB09091,TB09207,D020,2004
CD0056,M,0,3.9,4,4,4,30,TB09091,TB09207,D020,2004
CD0057,F,0,3.5,4,4,4,30,TB09091,TB09207,D020,2004
CD0063,M,0,5,3,4,6,30,TB09109,TA14638,D022,2004
CD0064,M,0,4.2,3,4,6,30,TB09109,TA14638,D022,2004
CD0067,M,0,3.2,5,5,5,30,TA14526,TA14525,D023,2004
CD0068,F,0,3,5,5,5,30,TA14526,TA14525,D023,2004
CD0069,M,0,3.2,5,5,5,30,TB09109,TA14638,D023,2004
CD0070,M,0,3,5,5,5,30,VX04465,TA14532,D023,2004
CD0071,F,0,2,5,5,5,30,TB09109,TA14638,D023,2004
CD0072,M,1,4.5,4,4,4,31,VS50140,TA14607,D024,2004
CD0073,M,0,4.5,4,4,4,31,VS50140,TA14607,D024,2004
CD0074,M,1,4.4,4,4,4,31,VS50140,TA14607,D024,2004
CD0075,F,0,3.8,4,4,4,31,VX04207,TB09139,D024,2004
CD0076,M,0,3.5,3,5,5,31,VX04207,TB09139,D025,2004
CD0077,F,0,3.4,3,5,5,31,VX04207,TB09139,D025,2004
CD0078,M,0,3.1,3,5,5,31,VX04207,TB09139,D025,2004
CD0081,F,0,2.8,2,2,3,32,VX04325,VX04222,D026,2004
CD0082,M,0,2.4,2,2,3,32,VX04325,VX04222,D026,2004
CD0084,M,0,2.2,5,5,5,32,TA14528,TB09149,D027,2004
CD0085,M,0,2.4,5,5,5,32,TA14528,TB09149,D027,2004
CD0086,M,1,4.6,5,5,5,32,VX04325,VX04222,D027,2004
CD0087,M,1,4.7,5,5,5,32,VX04325,VX04222,D027,2004
CD0088,F,1,4.5,5,5,5,32,VX04325,VX04222,D027,2004
CD0089,M,0,1.8,4,4,5,33,TA14573,TA14565,D028,2004
CD0090,F,0,1.8,4,4,5,33,TA14573,TA14565,D028,2004
CD0091,M,0,1.6,4,4,5,33,TA14573,TA14565,D028,2004
CD0092,M,0,1.6,4,4,5,33,TA14573,TA14565,D028,2004
CD0094,F,0,3.1,3,3,4,33,TA14574,TA14645,D029,2004
CD0095,F,0,2.4,3,3,4,33,TA14574,TA14645,D029,2004
CD0096,F,0,1.4,3,3,4,33,TA14574,TA14645,D029,2004
CD0098,M,0,2.6,5,5,5,33,VX04490,TA14513,D030,2004
CD0099,M,0,2,5,5,5,33,VX04490,TA14513,D030,2004
CD0101,F,0,1.5,5,5,5,33,VX04490,TA14513,D030,2004
CD0102,F,0,1.4,5,5,5,33,VX04490,TA14513,D030,2004
CD0103,M,0,,0,2,5,34,TA14571,VX04500,D031,2004
CD0104,M,0,,0,2,5,34,TA14571,VX04500,D031,2004
CD0108,M,0,2.3,4,4,5,34,TB09110,VX04226,D032,2004
CD0109,M,0,2.3,4,4,5,34,TB09110,VX04226,D032,2004
CD0110,M,0,1.8,4,4,5,34,TB09110,VX04226,D032,2004
CD0111,F,0,1.8,4,4,5,34,TB09110,VX04226,D032,2004
CD0113,M,0,2.3,4,4,5,34,VX04489,TA14601,D033,2004
CD0114,M,0,2,4,4,5,34,VX04489,TA14601,D033,2004
CD0115,M,0,2.3,4,4,5,34,VX04489,TA14601,D033,2004
CD0116,M,0,1.9,4,4,5,34,VX04489,TA14601,D033,2004
CD0118,F,0,2.8,4,4,5,34,TB09062,TB09070,D034,2004
CD0119,M,1,2.7,4,4,5,34,TB09062,TB09070,D034,2004
CD0120,F,0,2.3,4,4,5,34,TB09062,TB09070,D034,2004
CD0121,M,1,2.1,4,4,5,34,TB09062,TB09070,D034,2004
CD0123,M,0,3.4,4,4,4,34,TB09119,TB09098,D035,2004
CD0124,F,0,3.5,4,4,4,34,TB09119,TB09098,D035,2004
CD0125,F,0,3.2,4,4,4,34,TB09119,TB09098,D035,2004
CD0126,M,0,3.1,4,4,4,34,TB09119,TB09098,D035,2004
CD0127,M,0,4.1,1,4,4,34,TA14541,TB09184,D036,2004
CD0131,M,0,3.3,4,4,4,34,VV78215,TB09084,D037,2004
CD0132,F,0,3.5,4,4,4,34,VV78215,TB09084,D037,2004
CD0133,F,0,2.6,4,4,4,34,VV78215,TB09084,D037,2004
CD0134,F,0,2.6,4,4,4,34,VV78215,TB09084,D037,2004
CD0135,F,0,3.9,3,3,4,35,VX04406,TB09185,D038,2004
CD0136,M,0,4.1,3,3,4,35,VX04406,TB09185,D038,2004
CD0137,F,0,2.9,3,3,4,35,VX04406,TB09185,D038,2004
CD0139,F,0,5.2,3,3,3,35,VS50140,TB09153,D039,2004
CD0140,F,1,4.3,3,3,3,35,VS50140,TB09153,D039,2004
CD0141,F,0,3.3,3,3,3,35,VS50140,TB09153,D039,2004
CD0142,M,1,5,3,3,4,35,TA14518,TA14554,D040,2004
CD0143,M,1,4.4,3,3,4,35,TA14518,TA14554,D040,2004
CD0144,M,0,4.3,3,3,4,35,TA14518,TA14554,D040,2004
CD0149,M,0,4.8,3,3,5,36,TA14526,TB09131,D042,2004
CD0150,F,0,3.9,3,3,5,36,TA14526,TB09131,D042,2004
CD0151,M,0,3,3,3,5,36,TA14509,TB09092,D042,2004
CD0154,M,0,3.8,2,4,4,36,TA14526,TB09131,D043,2004
CD0155,F,0,2.1,2,4,4,36,TA14612,TB09047,D043,2004
CD0158,F,0,3.7,3,3,4,36,TA14509,TB09092,D044,2004
CD0159,M,0,3.5,3,3,4,36,TA14509,TB09092,D044,2004
CD0160,F,0,2.8,3,3,4,36,TA14612,TB09047,D044,2004
CD0162,F,0,2.5,5,5,5,36,VX04284,TB09234,D045,2004
CD0163,M,0,3.1,5,5,5,36,VX04284,TB09234,D045,2004
CD0164,M,0,2.9,5,5,5,36,VX04284,TB09234,D045,2004
CD0165,M,0,2.5,5,5,5,36,VX04284,TB09234,D045,2004
CD0166,M,0,1.9,5,5,5,36,VX04284,TB09234,D045,2004
CD0167,F,0,4,5,5,6,37,VX04229,TB09099,D046,2004
CD0168,M,0,4.8,5,5,6,37,VX04208,TA14548,D046,2004
CD0169,F,0,4.2,5,5,6,37,VX04208,TA14548,D046,2004
CD0170,M,0,3.2,5,5,6,37,VX04208,TA14548,D046,2004
CD0171,M,0,2.4,5,5,6,37,VX04208,TA14548,D046,2004
CD0173,M,0,3.9,4,4,4,37,VX04208,TA14548,D047,2004
CD0174,M,0,2.6,4,4,4,37,VX04229,TB09099,D047,2004
CD0175,M,0,3.3,4,4,4,37,VX04229,TB09099,D047,2004
CD0176,M,0,1.8,4,4,4,37,VX04229,TB09099,D047,2004
CD0177,M,0,4.2,4,4,5,38,VX04211,VX04467,D048,2004
CD0178,F,1,4.2,4,4,5,38,VX04211,VX04467,D048,2004
CD0179,M,0,3,4,4,5,38,VX04211,VX04467,D048,2004
CD0180,M,0,2.8,4,4,5,38,VX04211,VX04467,D048,2004
CD0182,M,0,3.2,5,5,5,38,TB09115,TA14604,D049,2004
CD0183,F,0,2.8,5,5,5,38,TB09115,TA14604,D049,2004
CD0184,M,0,2.7,5,5,5,38,TB09115,TA14604,D049,2004
CD0185,F,0,2.4,5,5,5,38,TB09115,TA14604,D049,2004
CD0186,M,0,2.2,5,5,5,38,VX04229,TB09099,D049,2004
CD0187,M,0,3.3,2,5,6,39,TA14644,TB09174,D050,2004
CD0189,M,0,,2,5,6,39,TA14644,TB09174,D050,2004
CD0190,F,0,,2,5,6,39,TA14644,TB09174,D050,2004
CD0193,F,1,4,3,3,4,39,VS06799,TA14530,D051,2004
CD0194,F,0,4,3,3,4,39,VS06799,TA14530,D051,2004
CD0195,F,0,2,3,3,4,39,TA14598,TB09166,D051,2004
CD0197,M,0,5.5,2,2,4,40,VX04326,TA14522,D052,2004
CD0198,M,1,4.4,2,2,4,40,VX04326,TA14522,D052,2004
CD0201,F,1,5.7,4,5,5,40,VS50139,TB09222,D053,2004
CD0202,F,1,5,4,5,5,40,VS50139,TB09222,D053,2004
CD0203,M,1,4.1,4,5,5,40,VX04326,TA14522,D053,2004
CD0204,M,0,2.3,4,5,5,40,VS50139,TB09222,D053,2004
CD0206,M,1,5.8,4,4,4,40,TA14598,TB09166,D054,2004
CD0207,F,1,4.8,4,4,4,40,TA14598,TB09166,D054,2004
CD0208,F,1,4.6,4,4,4,40,TA14598,TB09166,D054,2004
CD0209,M,0,1.6,4,4,4,40,VS50139,TB09222,D054,2004
CD0213,M,1,3.6,4,4,4,41,VX04486,VX04252,D056,2004
CD0214,M,1,3,4,4,4,41,VX04486,VX04252,D056,2004
CD0215,M,1,3,4,4,4,41,VX04486,VX04252,D056,2004
CD0216,M,0,2.7,4,4,4,41,TA14581,TB09097,D056,2004
CD0217,M,0,3.4,4,4,5,41,VX04349,TA14507,D057,2004
CD0218,M,0,3.6,4,4,5,41,TA14581,TB09097,D057,2004
CD0219,M,0,2.6,4,4,5,41,TA14581,TB09097,D057,2004
CD0220,M,0,2.5,4,4,5,41,TA14581,TB09097,D057,2004
CD0222,F,1,4.4,4,4,4,41,VX04349,TA14507,D058,2004
CD0223,M,1,3.6,4,4,4,41,VX04349,TA14507,D058,2004
CD0224,F,1,3.4,4,4,4,41,VX04349,TA14507,D058,2004
CD0225,M,0,2.7,4,4,4,41,VX04299,VX04473,D058,2004
CD0226,M,0,6.9,4,4,7,41,VX04299,VX04473,D059,2004
CD0227,M,1,5.2,4,4,7,41,VX04299,VX04473,D059,2004
CD0228,F,0,3.1,4,4,7,41,VX04299,VX04473,D059,2004
CD0229,F,0,3,4,4,7,41,VX04486,VX04252,D059,2004
CD0233,F,0,3.4,5,5,5,42,VX04336,TB09069,D060,2004
CD0234,M,0,3,5,5,5,42,VX04336,TB09069,D060,2004
CD0235,F,0,3.3,5,5,5,42,VX04378,TA14606,D060,2004
CD0236,F,0,3,5,5,5,42,TB09027,TB09118,D060,2004
CD0237,F,0,1.8,5,5,5,42,TB09027,TB09118,D060,2004
CD0238,M,0,2.4,4,4,4,42,VX04391,TA14502,D061,2004
CD0239,F,0,2.8,4,4,4,42,TB09027,TB09118,D061,2004
CD0240,F,0,2.4,4,4,4,42,TB09027,TB09118,D061,2004
CD0241,M,0,1.8,4,4,4,42,VX04391,TA14502,D061,2004
CD0246,F,1,4.2,2,3,4,42,VS50136,TA14549,D063,2004
CD0247,F,1,4,2,3,4,42,VS50136,TA14549,D063,2004
CD0248,M,0,,2,3,4,42,VX04336,TB09069,D063,2004
CD0250,F,0,2.9,1,2,3,42,VS50136,TA14549,D064,2004
CD0251,F,0,,1,2,3,42,VX04378,TA14606,D064,2004
CD0253,M,0,3.4,2,4,4,43,TA14651,VX04453,D065,2004
CD0254,F,0,2.6,2,4,4,43,TA14651,VX04453,D065,2004
CD0255,F,0,2.5,2,4,4,43,VS50136,TA14549,D065,2004
CD0256,F,0,2,2,4,4,43,VS50136,TA14549,D065,2004
CD0265,F,0,3,5,5,5,43,TA14651,VX04453,D068,2004
CD0266,M,0,3.2,5,5,5,43,VX04391,TA14502,D068,2004
CD0267,F,0,2.7,5,5,5,43,TA14651,VX04453,D068,2004
CD0268,F,0,2.5,5,5,5,43,TA14651,VX04453,D068,2004
CD0269,F,0,2.1,5,5,5,43,VX04391,TA14502,D068,2004
CD0270,F,0,,3,4,5,44,VX04353,VX04311,D069,2004
CD0271,M,0,2,3,4,5,44,VX04353,VX04311,D069,2004
CD0272,F,0,2.2,3,4,5,44,VX04353,VX04311,D069,2004
CD0273,F,0,2.1,3,4,5,44,VX04353,VX04311,D069,2004
CD0275,M,0,3.3,3,3,3,44,VS06794,VX04459,D070,2004
CD0276,F,0,3.3,3,3,3,44,VS06794,VX04459,D070,2004
CD0277,M,0,3.2,3,3,3,44,VS06794,VX04459,D070,2004
CD0281,F,0,4.3,4,4,4,48,TB09055,TB09230,D072,2004
CD0282,M,1,4.4,4,4,4,48,TB09055,TB09230,D072,2004
CD0283,F,0,4.3,4,4,4,48,TB09055,TB09230,D072,2004
CD0284,F,0,4.2,4,4,4,48,TA14529,TA14600,D072,2004
CD0285,M,0,4.3,4,4,4,48,TA14599,VS50141,D073,2004
CD0286,F,0,3.7,4,4,4,48,TA14599,VS50141,D073,2004
CD0287,F,0,2.4,4,4,4,48,TA14599,VS50141,D073,2004
CD0288,M,0,1.9,4,4,4,48,TB09055,TB09230,D073,2004
CD0289,F,0,3.8,4,4,4,48,TA14529,TA14600,D074,2004
CD0290,M,0,3.4,4,4,4,48,TA14529,TA14600,D074,2004
CD0291,F,0,3.1,4,4,4,48,TA14599,VS50141,D074,2004
CD0294,M,1,4.4,3,3,4,49,VX04365,VX04369,D075,2004
CD0295,F,0,4.3,3,3,4,49,VX04365,VX04369,D075,2004
CD0296,F,1,3,3,3,4,49,VX04365,VX04369,D075,2004
CD0297,F,1,5.5,4,4,4,49,VX04201,TA14561,D076,2004
CD0298,M,1,5.4,4,4,4,49,VX04201,TA14561,D076,2004
CD0299,F,1,4.5,4,4,4,49,VX04201,TA14561,D076,2004
CD0301,F,1,3.7,2,3,4,51,TA14647,TA14586,D077,2004
CD0302,F,0,3.8,2,3,4,51,TA14647,TA14586,D077,2004
CD0303,F,1,3.7,2,3,4,51,TA14647,TA14586,D077,2004
CD0305,F,1,5,4,4,4,54,VX04306,VX04363,D078,2004
CD0306,F,1,4.7,4,4,4,54,VX04306,VX04363,D078,2004
CD0307,F,1,4.1,4,4,4,54,VX04306,VX04363,D078,2004
CD0308,M,1,2.7,4,4,4,54,VX04306,VX04363,D078,2004
CD0309,F,1,5.4,5,5,5,55,TA14526,TA14525,D079,2004
CD0310,M,0,5.3,5,5,5,55,TA14526,TA14525,D079,2004
CD0311,M,0,4.9,5,5,5,55,TA14526,TA14525,D079,2004
CD0312,M,1,4.9,5,5,5,55,TA14574,TA14645,D079,2004
CD0314,M,1,5.6,3,5,5,55,TA14574,TA14645,D080,2004
CD0315,M,1,6.3,3,5,5,55,TA14574,TA14645,D080,2004
CD0316,M,0,4.2,3,5,5,55,TA14574,TA14645,D080,2004
CD0317,M,0,,3,5,5,55,TA14526,TA14525,D080,2004
CD0318,F,0,,3,5,5,55,TA14526,TA14525,D080,2004
CD0319,M,0,6.3,2,2,4,56,TA14573,TA14565,D081,2004
CD0320,F,0,5.5,2,2,4,56,TA14573,TA14565,D081,2004
CD0323,M,1,6.1,4,4,4,56,TA14531,TB09125,D082,2004
CD0324,M,1,4.7,4,4,4,56,TA14531,TB09125,D082,2004
CD0325,F,0,5.8,4,4,4,56,TA14573,TA14565,D082,2004
CD0326,M,0,2.7,4,4,4,56,TA14573,TA14565,D082,2004
CD0327,F,0,4.2,4,4,4,56,TA14571,VX04500,D083,2004
CD0328,M,0,4.3,4,4,4,56,TA14571,VX04500,D083,2004
CD0329,M,0,3,4,4,4,56,TA14571,VX04500,D083,2004
CD0330,F,0,1.9,4,4,4,56,TA14571,VX04500,D083,2004
CD0335,F,1,4.3,4,4,4,57,VX04422,VX04228,D085,2004
CD0336,M,1,4.1,4,4,4,57,VX04422,VX04228,D085,2004
CD0337,F,1,3.5,4,4,4,57,VX04422,VX04228,D085,2004
CD0338,F,0,2.8,4,4,4,57,VX04422,VX04228,D085,2004
CD0339,F,0,4.1,4,4,4,57,TB09110,VX04226,D086,2004
CD0340,M,1,3.5,4,4,4,57,TB09110,VX04226,D086,2004
CD0341,F,0,3.7,4,4,4,57,TB09110,VX04226,D086,2004
CD0342,F,0,2.4,4,4,4,57,TB09110,VX04226,D086,2004
CD0343,M,1,4.8,4,4,5,57,VX04299,VX04291,D087,2004
CD0344,M,0,4.6,4,4,5,57,TB09109,TA14638,D087,2004
CD0345,F,1,5.5,4,4,5,57,TA14528,TB09149,D087,2004
CD0346,M,1,7.9,4,4,5,57,TA14528,TB09149,D087,2004
CD0348,M,1,4.7,2,3,4,58,TB09109,TA14638,D088,2004
CD0349,F,1,4.2,2,3,4,58,VX04299,VX04291,D088,2004
CD0350,F,0,,2,3,4,58,TA14528,TB09149,D088,2004
CD0352,F,0,5.1,2,2,3,58,TB09109,TA14638,D089,2004
CD0353,M,0,3.5,2,2,3,58,TB09109,TA14638,D089,2004
CD0355,M,0,4.3,3,3,4,59,TA14541,TB09184,D090,2004
CD0356,F,0,3.7,3,3,4,59,TA14541,TB09184,D090,2004
CD0357,F,0,3.8,3,3,4,59,TA14541,TB09184,D090,2004
CD0359,F,1,4.8,4,4,4,59,TB09199,TB09112,D091,2004
CD0360,M,1,4.9,4,4,4,59,TB09199,TB09112,D091,2004
CD0361,M,0,4.4,4,4,4,59,TA14541,TB09184,D091,2004
CD0362,M,1,2.6,4,4,4,59,TB09199,TB09112,D091,2004
CD0363,F,1,4.6,4,4,4,59,VX04490,TA14513,D092,2004
CD0364,M,1,4.6,4,4,4,59,VX04490,TA14513,D092,2004
CD0365,M,1,4.1,4,4,4,59,VX04490,TA14513,D092,2004
CD0366,F,1,2.7,4,4,4,59,VX04490,TA14513,D092,2004
CD0367,F,1,4.1,5,5,5,59,VX04489,TA14601,D093,2004
CD0368,F,0,4.2,5,5,5,59,VX04489,TA14601,D093,2004
CD0369,F,1,4,5,5,5,59,VX04489,TA14601,D093,2004
CD0370,M,0,2.2,5,5,5,59,VX04489,TA14601,D093,2004
CD0371,F,0,2,5,5,5,59,VX04490,TA14513,D093,2004
CD0372,F,1,5.3,4,5,5,60,TA14516,TB09232,D094,2004
CD0373,M,1,4.3,4,5,5,60,TA14516,TB09232,D094,2004
CD0374,F,1,4.4,4,5,5,60,TA14516,TB09232,D094,2004
CD0375,M,0,2,4,5,5,60,TA14516,TB09232,D094,2004
CD0377,M,1,4.9,4,4,4,60,VX04284,TB09234,D095,2004
CD0378,F,1,5,4,4,4,60,VX04284,TB09234,D095,2004
CD0380,M,1,2.8,4,4,4,60,VX04284,TB09234,D095,2004
CD0381,F,0,2.8,3,3,4,60,TB09046,TB09089,D096,2004
CD0382,M,0,2.8,3,3,4,60,TB09046,TB09089,D096,2004
CD0383,F,0,2.6,3,3,4,60,TB09046,TB09089,D096,2004
CD0385,M,0,2.4,2,2,3,60,TA14612,TB09047,D097,2004
CD0386,F,0,2.7,2,2,3,60,TA14612,TB09047,D097,2004
CD0388,F,1,4.2,3,3,4,60,VV78215,TB09084,D098,2004
CD0389,F,1,3.8,3,3,4,60,VV78215,TB09084,D098,2004
CD0390,F,1,3.2,3,3,4,60,VV78215,TB09084,D098,2004
CD0392,F,1,4.7,5,5,5,60,TB09054,TB09019,D099,2004
CD0393,F,1,3.5,5,5,5,60,TB09054,TB09019,D099,2004
CD0394,F,0,3.2,5,5,5,60,TB09054,TB09019,D099,2004
CD0395,F,1,3,5,5,5,60,TB09054,TB09019,D099,2004
CD0396,M,0,2.3,5,5,5,60,VX04284,TB09234,D099,2004
CD0397,F,1,4.6,4,4,4,61,VX04208,TA14548,D100,2004
CD0398,M,0,4.9,4,4,4,61,TA14518,TA14554,D100,2004
CD0399,M,1,5,4,4,4,61,VX04208,TA14548,D100,2004
CD0400,F,1,3.5,4,4,4,61,VX04208,TA14548,D100,2004
CD0401,M,1,4.6,3,3,3,61,TA14581,TB09133,D101,2004
CD0402,F,1,3.6,3,3,3,61,TA14581,TB09133,D101,2004
CD0403,F,1,3.8,3,3,3,61,TA14581,TB09133,D101,2004
CD0404,F,1,5.3,3,4,5,60,TB09119,TB09098,D102,2004
CD0405,M,0,4.4,3,4,5,60,TB09119,TB09098,D102,2004
CD0406,M,1,4.2,3,4,5,60,TB09119,TB09098,D102,2004
CD0409,M,0,,0,4,5,62,TA14644,TB09174,D103,2004
CD0414,M,0,,0,3,,62,TB09229,TB09067,D104,2004
CD0415,M,0,,0,3,,62,TB09229,TB09067,D104,2004
CD0417,M,1,4.8,3,3,4,61,TB09115,TA14604,D105,2004
CD0418,F,1,4.3,3,3,4,61,TB09115,TA14604,D105,2004
CD0419,M,1,3.4,3,3,4,61,TB09115,TA14604,D105,2004
CD0421,M,1,5.9,3,3,5,61,TA14518,TA14554,D106,2004
CD0422,F,0,3.9,3,3,5,61,TA14518,TA14554,D106,2004
CD0423,M,1,5.3,3,3,5,61,TA14518,TA14554,D106,2004
CD0426,M,1,5.6,3,3,3,62,TB09042,TB09063,D107,2004
CD0427,F,1,5.6,3,3,3,62,TA14509,TB09092,D107,2004
CD0428,M,1,5.4,3,3,3,62,TA14509,TB09092,D107,2004
CD0429,M,1,5.8,2,2,3,62,VX04286,TB09068,D108,2004
CD0430,M,1,5.2,2,2,3,62,VX04286,TB09068,D108,2004
CD0432,F,1,6.1,1,1,3,62,VX04286,TB09068,D109,2004
CD0435,M,0,2.5,2,2,4,63,TB09091,TB09207,D110,2004
CD0436,F,0,2.9,2,2,4,63,TB09091,TB09207,D110,2004
CD0439,F,0,3.1,3,3,5,66,VX04353,VX04311,D111,2004
CD0440,F,1,3.3,3,3,5,66,VX04447,TB09137,D111,2004
CD0441,F,0,3.7,3,3,5,66,TB09180,TB09182,D111,2004
CD0444,F,0,4.7,5,5,5,66,VX04353,VX04311,D112,2004
CD0445,F,0,4.9,5,5,5,66,VX04353,VX04311,D112,2004
CD0446,F,1,3.8,5,5,5,66,TB09180,TB09182,D112,2004
CD0447,F,1,4.5,5,5,5,66,VX04353,VX04311,D112,2004
CD0448,M,0,2,5,5,5,66,TB09180,TB09182,D112,2004
CD0449,F,1,6.3,4,4,4,67,VX04447,TB09137,D113,2004
CD0450,M,1,5.8,4,4,4,67,VX04447,TB09137,D113,2004
CD0451,M,1,4.8,4,4,4,67,VX04447,TB09137,D113,2004
CD0452,F,0,2.6,4,4,4,67,VX04447,TB09137,D113,2004
CD0453,F,1,4.9,0,1,4,68,VX04229,TB09099,D114,2004
CD0457,F,0,5.8,4,4,4,69,VS50139,TA14502,D115,2004
CD0458,M,1,5.6,4,4,4,69,VX04229,TB09099,D115,2004
CD0459,F,1,5,4,4,4,69,VX04229,TB09099,D115,2004
CD0460,M,0,2.7,4,4,4,69,VX04229,TB09099,D115,2004
CD0461,M,0,5.3,4,4,4,69,TA14526,TB09131,D116,2004
CD0462,F,0,5.5,4,4,4,69,TA14526,TB09131,D116,2004
CD0463,F,0,4.9,4,4,4,69,TA14526,TB09131,D116,2004
CD0464,F,0,3,4,4,4,69,TA14526,TB09131,D116,2004
CD0465,F,1,4.7,4,4,4,70,TB09236,TB09072,D117,2004
CD0466,F,1,4.1,4,4,4,70,TB09236,TB09072,D117,2004
CD0467,F,1,4.3,4,4,4,70,TB09236,TB09072,D117,2004
CD0468,M,0,2.5,4,4,4,70,VS50140,TA14607,D117,2004
CD0469,F,0,5.6,2,3,3,71,VX04465,TA14532,D118,2004
CD0470,M,0,4.6,2,3,3,71,VS50140,TA14607,D118,2004
CD0471,F,0,,0,4,5,71,TA14651,VX04453,D119,2004
CD0472,M,0,,0,4,5,71,TA14651,VX04453,D119,2004
CD0476,M,1,5.3,4,4,4,71,TA14553,TA14506,D120,2004
CD0477,M,1,5.3,4,4,4,71,TA14553,TA14506,D120,2004
CD0479,F,0,3.1,4,4,4,71,VS50140,TA14607,D120,2004
CD0480,F,1,4.3,4,5,5,71,VX04465,TA14532,D121,2004
CD0481,F,0,4.1,4,5,5,71,TB09236,TB09072,D121,2004
CD0482,M,0,4.5,4,5,5,71,TA14553,TA14506,D121,2004
CD0483,M,0,3.5,4,5,5,71,TA14553,TA14506,D121,2004
CD0485,F,0,,3,4,6,72,VX04207,TB09139,D122,2004
CD0486,M,1,6.5,3,4,6,72,VX04325,VX04222,D122,2004
CD0487,F,1,4.4,3,4,6,72,VX04325,VX04222,D122,2004
CD0488,F,,2.7,3,4,6,72,VX04378,TA14606,D122,2004
CD0492,F,,4.1,5,5,5,72,VX04378,TA14606,D123,2004
CD0493,M,,3.8,5,5,5,72,VX04378,TA14606,D123,2004
CD0494,F,,3.3,5,5,5,72,VX04378,TA14606,D123,2004
CD0495,F,,3.3,5,5,5,72,VX04378,TA14606,D123,2004
CD0496,M,,3.2,5,5,5,72,VX04325,VX04222,D123,2004
CD0497,M,0,3.1,5,5,5,72,VX04325,VX04222,D124,2004
CD0498,F,,3,5,5,5,72,VX04207,TB09139,D124,2004
CD0499,M,,2.9,5,5,5,72,VX04207,TB09139,D124,2004
CD0500,F,,2.6,5,5,5,72,VX04325,VX04222,D124,2004
CD0501,M,,1.9,5,5,5,72,VX04207,TB09139,D124,2004
CD0502,F,0,4.3,4,4,4,73,TA14599,VS50141,D125,2004
CD0503,F,0,3.6,4,4,4,73,TA14599,VS50141,D125,2004
CD0504,M,0,3.5,4,4,4,73,TA14599,VS50141,D125,2004
CD0505,M,0,2.7,4,4,4,73,TA14599,VS50141,D125,2004
CD0506,M,0,4.2,2,2,2,73,VS06794,VX04459,D126,2004
CD0507,F,1,4,2,2,2,73,VS06794,VX04459,D126,2004
CD0508,F,0,6.3,3,3,5,73,VS06794,VX04459,D127,2004
CD0509,F,0,5.5,3,3,5,73,VS06794,VX04459,D127,2004
CD0510,M,0,2,3,3,5,73,TA14529,TA14600,D127,2004
CD0513,M,0,3.5,4,4,4,74,TA14529,TA14600,D128,2004
CD0514,M,1,3.3,4,4,4,74,TA14529,TA14600,D128,2004
CD0515,M,1,2.9,4,4,4,74,TB09108,TB09036,D128,2004
CD0516,M,0,2.4,4,4,4,74,TB09108,TB09036,D128,2004
CD0517,M,0,3.8,1,1,4,74,VX04406,TB09185,D129,2004
CD0526,F,1,5.9,2,2,4,77,VX04326,TA14522,D131,2004
CD0527,M,0,5.7,2,2,4,77,VX04326,TA14522,D131,2004
CD0530,F,0,,2,,,69,TB09173,TB09088,D132,2004
CD0531,M,1,,2,,,69,TB09173,TB09088,D132,2004
CD0532,M,0,3.9,4,4,4,78,VX04326,TA14522,D133,2004
CD0533,M,0,4.5,4,4,4,78,VS06799,TA14530,D133,2004
CD0534,M,0,4.4,4,4,4,78,VS06799,TA14530,D133,2004
CD0535,M,0,2,4,4,4,78,VX04326,TA14522,D133,2004
CD0536,F,0,,0,3,4,80,TB09062,TB09070,D134,2004
CD0540,M,1,3.8,2,3,4,79,VS50139,TB09222,D135,2004
CD0541,F,0,2,2,3,4,79,VS50139,TB09222,D135,2004
CD0544,M,0,2,1,3,4,80,VS50140,TB09153,D136,2004
CD0548,F,0,3.9,4,4,5,80,VX04336,TB09069,D137,2004
CD0549,M,0,4.3,4,4,5,80,VX04336,TB09069,D137,2004
CD0550,M,0,4.5,4,4,5,80,VX04336,TB09069,D137,2004
CD0551,F,0,3.4,4,4,5,80,VX04336,TB09069,D137,2004
CD0553,M,0,4.8,4,4,4,81,TA14571,VX04500,D138,2004
CD0554,M,0,5.3,4,4,4,81,TA14571,VX04500,D138,2004
CD0555,F,0,4.8,4,4,4,81,VS50136,TA14549,D138,2004
CD0556,F,0,2.5,4,4,4,81,VS50136,TA14549,D138,2004
CD0557,M,0,4,3,4,5,81,VS50136,TA14549,D139,2004
CD0558,F,0,2.9,3,4,5,81,VS50136,TA14549,D139,2004
CD0562,M,1,3.8,5,5,5,82,TA14644,TB09174,D140,2004
CD0563,M,0,3.2,5,5,5,82,TA14644,TB09174,D140,2004
CD0565,M,1,2.6,5,5,5,82,TA14598,TB09166,D140,2004
CD0566,F,1,2.2,5,5,5,82,TA14598,TB09166,D140,2004
CD0567,F,0,4.1,4,4,5,82,TA14598,TB09166,D141,2004
CD0568,F,0,3.9,4,4,5,82,VX04299,VX04473,D141,2004
CD0569,F,1,2.7,4,4,5,82,TA14598,TB09166,D141,2004
CD0570,F,1,2.1,4,4,5,82,TA14598,TB09166,D141,2004
CD0572,F,0,4.2,2,3,4,82,TA14644,TB09174,D142,2004
CD0573,F,1,2.3,2,3,4,82,VX04299,VX04473,D142,2004
CD0576,F,0,5.4,4,4,4,83,TB09027,TB09118,D143,2004
CD0577,M,0,5.3,4,4,4,83,TB09027,TB09118,D143,2004
CD0578,F,0,4.1,4,4,4,83,TB09027,TB09118,D143,2004
CD0579,F,0,2.5,4,4,4,83,TB09046,TB09089,D143,2004
CD0580,F,0,3.4,2,3,4,83,TA14573,TA14565,D144,2004
CD0581,F,0,4.5,2,3,4,83,TA14573,TA14565,D144,2004
CD0582,M,0,2.1,2,3,4,83,TA14573,TA14565,D144,2004
CD0584,M,0,3.1,4,4,4,83,TA14612,TB09047,D145,2004
CD0585,F,0,2.6,4,4,4,83,TA14612,TB09047,D145,2004
CD0586,F,1,1.9,4,4,4,83,TA14612,TB09047,D145,2004
CD0587,M,1,1.8,4,4,4,83,TA14573,TA14565,D145,2004
CD0588,M,1,5.6,3,3,4,83,TB09046,TB09089,D146,2004
CD0589,M,0,5.8,3,3,4,83,TB09046,TB09089,D146,2004
CD0590,M,1,4.9,3,3,4,83,TB09046,TB09089,D146,2004
CD0592,M,1,,0,5,5,85,VX04349,TA14507,D147,2004
CD0593,M,0,,0,5,5,85,VX04349,TA14507,D147,2004
CD0594,M,0,,0,5,5,85,VX04349,TA14507,D147,2004
CD0597,M,0,3,4,4,4,86,VX04365,VX04369,D148,2004
CD0598,M,0,3.2,4,4,4,86,VX04365,VX04369,D148,2004
CD0599,F,1,2,4,4,4,86,VX04365,VX04369,D148,2004
CD0600,F,1,2.6,4,4,4,86,VX04365,VX04369,D148,2004
CD0605,F,0,,4,6,6,88,VX04486,VX04252,D150,2004
CD0606,M,0,,4,6,6,88,VX04486,VX04252,D150,2004
CD0607,F,0,4.1,4,6,6,88,VX04201,TA14561,D150,2004
CD0608,F,0,3.2,4,6,6,88,VX04201,TA14561,D150,2004
CD0609,F,0,2.2,4,6,6,88,VX04201,TA14561,D150,2004
CD0611,F,1,5.3,3,4,5,88,VX04486,VX04252,D151,2004
CD0612,F,1,4.7,3,4,5,88,VX04486,VX04252,D151,2004
CD0613,M,1,3,3,4,5,88,VX04486,VX04252,D151,2004
CD0620,F,0,,0,3,4,91,TB09110,VX04226,D153,2004
CD0621,M,0,,0,3,4,91,TB09110,VX04226,D153,2004
CD0622,M,1,,0,3,4,91,TB09110,VX04226,D153,2004
CD0624,F,0,4.3,4,5,5,94,TA14531,TB09125,D154,2004
CD0625,M,0,4.1,4,5,5,94,TA14531,TB09125,D154,2004
CD0626,M,0,4.2,4,5,5,94,TA14531,TB09125,D154,2004
CD0627,M,1,3.1,4,5,5,94,TA14531,TB09125,D154,2004
CD0628,F,1,,4,5,5,94,TA14647,TA14586,D154,2004
CD0629,M,1,5.9,4,4,4,95,TA14647,TA14586,D155,2004
CD0630,F,0,5.9,4,4,4,95,TA14647,TA14586,D155,2004
CD0631,F,0,4.5,4,4,4,95,TA14647,TA14586,D155,2004
CD0632,M,0,5,4,4,4,95,TA14647,TA14586,D155,2004
CD0633,F,0,3.6,2,5,5,95,VS50139,TA14502,D156,2004
CD0634,M,0,2.2,2,5,5,95,VS50139,TA14502,D156,2004
CD0635,F,0,,2,5,5,95,VX04207,TB09139,D156,2004
CD0636,F,1,,2,5,5,95,VX04207,TB09139,D156,2004
CD0639,F,1,2.7,3,4,5,95,VX04207,TB09139,D157,2004
CD0640,M,1,2.1,3,4,5,95,VS50139,TA14502,D157,2004
CD0641,F,1,,3,4,5,95,VS50139,TA14502,D157,2004
CD0643,M,1,6,3,3,3,96,VX04422,VX04228,D158,2004
CD0644,M,0,4.9,3,3,3,96,VX04422,VX04228,D158,2004
CD0645,M,0,3.7,3,3,3,96,TA14574,TA14645,D158,2004
CD0646,M,0,4.4,5,5,6,96,VX04306,VX04363,D159,2004
CD0647,F,0,3,5,5,6,96,VX04306,VX04363,D159,2004
CD0648,M,0,3.3,5,5,6,96,VX04306,VX04363,D159,2004
CD0649,F,0,2.1,5,5,6,96,VX04306,VX04363,D159,2004
CD0650,F,0,1.9,5,5,6,96,VX04306,VX04363,D159,2004
CD0652,F,0,3.2,4,4,4,96,TA14574,TA14645,D160,2004
CD0653,M,0,3.1,4,4,4,96,TA14574,TA14645,D160,2004
CD0654,F,1,3.2,4,4,4,96,VX04422,VX04228,D160,2004
CD0655,F,1,2.2,4,4,4,96,VX04422,VX04228,D160,2004
CD0656,M,0,,3,5,5,98,TA14651,VX04453,D161,2004
CD0657,F,0,,3,5,5,98,TA14651,VX04453,D161,2004
CD0658,M,0,4.8,3,5,5,98,TB09129,TB09232,D161,2004
CD0659,F,0,4.1,3,5,5,98,TB09129,TB09232,D161,2004
CD0660,M,0,2.3,3,5,5,98,TB09129,TB09232,D161,2004
CD0661,F,0,3.1,3,3,4,98,VX04406,TB09185,D162,2004
CD0662,M,1,3.2,3,3,4,98,VX04406,TB09185,D162,2004
CD0663,M,1,1.8,3,3,4,98,TA14518,TA14554,D162,2004
CD0665,M,1,4.3,2,3,4,98,TA14651,VX04453,D163,2004
CD0666,F,1,2.4,2,3,4,98,TA14518,TA14554,D163,2004
CD0667,F,0,,2,3,4,98,TA14518,TA14554,D163,2004
CD0669,M,0,5.4,2,2,4,98,TA14651,VX04453,D164,2004
CD0670,M,1,5,2,2,4,98,TA14651,VX04453,D164,2004
CD0673,F,0,4.2,4,5,5,99,TB09062,TB09070,D165,2004
CD0674,F,0,3.7,4,5,5,99,VX04299,VX04291,D165,2004
CD0675,F,0,3.4,4,5,5,99,VX04299,VX04291,D165,2004
CD0676,M,0,2.5,4,5,5,99,VX04299,VX04291,D165,2004
CD0678,M,0,3.4,4,5,5,99,TB09062,TB09070,D166,2004
CD0679,F,0,3.2,4,5,5,99,VX04299,VX04291,D166,2004
CD0680,M,0,2.5,4,5,5,99,VS50140,TA14607,D166,2004
CD0681,F,1,2.7,4,5,5,99,TB09109,TA14638,D166,2004
CD0683,M,1,4.8,2,2,4,99,VS50140,TA14607,D167,2004
CD0684,M,0,4.8,2,2,4,99,VS50140,TA14607,D167,2004
CD0687,F,0,6.3,4,4,5,100,VS50140,TA14607,D168,2004
CD0688,M,0,5.8,4,4,5,100,TB09109,TA14638,D168,2004
CD0689,F,0,5.1,4,4,5,100,TB09109,TA14638,D168,2004
CD0690,F,1,3.7,4,4,5,100,VV78215,TB09084,D168,2004
CD0692,M,0,,2,4,5,100,VV78215,TB09084,D169,2004
CD0693,M,0,2.7,2,4,5,100,TB09109,TA14638,D169,2004
CD0694,F,0,1.9,2,4,5,100,VV78215,TB09084,D169,2004
CD0697,F,0,4.5,4,4,4,101,TA14509,TB09092,D171,2004
CD0698,M,1,3.9,4,4,4,101,TA14509,TB09092,D171,2004
CD0699,F,0,2.9,4,4,4,101,TA14509,TB09092,D171,2004
CD0700,F,1,2.8,4,4,4,101,TB09108,TB09036,D171,2004
CD0701,M,0,,2,4,4,102,TB09054,TB09019,D172,2004
CD0702,M,0,,2,4,4,102,TB09054,TB09019,D172,2004
CD0703,M,0,4.2,2,4,4,102,TB09054,TB09019,D172,2004
CD0704,M,0,2.4,2,4,4,102,TB09054,TB09019,D172,2004
CD0705,F,1,3.4,4,4,5,101,VX04490,TA14513,D173,2004
CD0706,F,0,3,4,4,5,101,VX04279,TB09121,D173,2004
CD0707,F,1,2.5,4,4,5,101,VX04279,TB09121,D173,2004
CD0708,M,1,2.4,4,4,5,101,VX04279,TB09121,D173,2004
CD0711,M,0,4.6,4,4,4,101,VX04490,TA14513,D175,2004
CD0712,F,0,4.1,4,4,4,101,VX04490,TA14513,D175,2004
CD0713,F,0,3.8,4,4,4,101,VX04490,TA14513,D175,2004
CD0714,M,0,2.2,4,4,4,101,VX04279,TB09121,D175,2004
CD0715,M,1,4.6,3,3,4,101,TB09108,TB09036,D176,2004
CD0716,F,0,4.4,3,3,4,101,TB09108,TB09036,D176,2004
CD0717,F,0,2.4,3,3,4,101,TB09108,TB09036,D176,2004
CD0719,M,0,4.5,2,2,4,102,VX04489,TA14601,D177,2004
CD0720,M,0,3.5,2,2,4,102,VX04489,TA14601,D177,2004
CD0723,F,0,2.2,2,4,5,102,VX04353,VX04311,D178,2004
CD0724,M,0,2,2,4,5,102,VX04353,VX04311,D178,2004
CD0725,M,0,,2,4,5,102,VX04353,VX04311,D178,2004
CD0726,M,1,,2,4,5,102,VX04353,VX04311,D178,2004
CD0737,M,0,3,4,4,4,107,VV78261,TB09102,D181,2004
CD0738,F,0,2.7,4,4,4,107,VX04208,TA14548,D181,2004
CD0739,M,0,2.2,4,4,4,107,VV78261,TB09102,D181,2004
CD0740,M,0,1.9,4,4,4,107,VS50139,TB09222,D181,2004
CD0741,F,0,4.8,2,2,2,107,VS50139,TB09222,D182,2004
CD0742,F,0,5.2,2,2,2,107,VS50139,TB09222,D182,2004
CD0743,M,0,5.1,1,1,5,107,VS50139,TB09222,D183,2004
CD0748,M,0,4.8,3,3,3,108,TA14528,TB09149,D184,2004
CD0749,M,0,4.6,3,3,3,108,TA14528,TB09149,D184,2004
CD0750,M,0,3,3,3,3,108,TA14528,TB09149,D184,2004
CD0758,M,0,6.2,3,3,4,109,VX04286,TB09068,D188,2004
CD0759,M,0,6.8,3,3,4,109,VX04286,TB09068,D188,2004
CD0760,F,0,3.7,3,3,4,109,VX04286,TB09068,D188,2004
CD0762,M,0,3.6,4,4,4,111,TA14553,TA14506,D189,2004
CD0763,M,0,3.1,4,4,4,111,TA14553,TA14506,D189,2004
CD0764,M,1,2.4,4,4,4,111,TB09199,TB09112,D189,2004
CD0765,F,1,1.7,4,4,4,111,TB09199,TB09112,D189,2004
CD0766,M,1,4.8,2,2,2,111,TB09199,TB09112,D190,2004
CD0767,F,1,4.4,2,2,2,111,TB09199,TB09112,D190,2004
CD0768,F,1,,0,4,4,112,TA14523,TB09067,D191,2004
CD0769,M,1,,0,4,4,112,TA14523,TB09067,D191,2004
CD0770,F,1,,0,4,4,112,TA14523,TB09067,D191,2004
CD0771,F,0,,0,4,4,112,TA14523,TB09067,D191,2004
CD0775,M,1,4.7,3,3,4,113,VS06799,TA14530,D193,2004
CD0776,F,1,5.4,3,3,4,113,VS06799,TA14530,D193,2004
CD0777,M,0,4.6,3,3,4,113,VS06799,TA14530,D193,2004
CD0779,F,0,3.9,1,2,2,117,TB09168,TB09233,D194,2004
CD0780,M,1,,1,2,2,117,TB09168,TB09233,D194,2004
CD0781,M,1,4.9,0,4,4,117,VX04207,TB09139,D195,2004
CD0782,F,0,5,0,4,4,117,VX04207,TB09139,D195,2004
CD0783,M,0,4,0,4,4,117,VX04207,TB09139,D195,2004
CD0784,M,0,2.2,0,4,4,117,VX04207,TB09139,D195,2004
CD0788,F,0,4.1,3,3,4,118,VX04306,VX04363,D197,2004
CD0789,M,1,4.4,3,3,4,118,VX04306,VX04363,D197,2004
CD0790,M,1,3,3,3,4,118,VX04306,VX04363,D197,2004
CD0792,M,1,4.3,3,3,3,119,TA14541,TB09184,D198,2004
CD0793,M,1,4.5,3,3,3,119,TA14541,TB09184,D198,2004
CD0794,M,0,1.8,3,3,3,119,TA14599,VS50141,D198,2004
CD0795,M,0,4.3,4,4,4,119,TA14599,VS50141,D199,2004
CD0796,F,0,4.8,4,4,4,119,TA14599,VS50141,D199,2004
CD0797,F,0,2.7,4,4,4,119,TA14541,TB09184,D199,2004
CD0798,M,0,2.2,4,4,4,119,TA14541,TB09184,D199,2004
CD0799,M,0,3.7,3,3,4,120,TB09236,TB09226,D200,2004
CD0800,F,1,4,3,3,4,120,TB09236,TB09226,D200,2004
CD0801,M,1,2.5,3,3,4,120,TB09236,TB09226,D200,2004
CD0803,M,1,4.2,4,4,4,120,VX04299,VX04291,D201,2004
CD0804,M,1,4.1,4,4,4,120,VX04299,VX04291,D201,2004
CD0805,M,0,2.5,4,4,4,120,TB09229,TB09171,D201,2004
CD0806,F,1,2,4,4,4,120,TB09229,TB09171,D201,2004
CD0807,F,1,5.6,3,3,4,120,VS50136,TA14549,D202,2004
CD0808,F,0,4.1,3,3,4,120,VS50136,TA14549,D202,2004
CD0809,F,0,2.2,3,3,4,120,VS50136,TA14549,D202,2004
CD0811,M,1,3.4,2,2,3,121,VX04465,TA14532,D203,2004
CD0812,M,1,1.8,2,2,3,121,VX04465,TA14532,D203,2004
CD0814,M,1,4.6,3,3,4,121,VX04299,VX04291,D204,2004
CD0815,F,0,3.8,3,3,4,121,VX04299,VX04291,D204,2004
CD0816,M,0,3.1,3,3,4,121,VX04465,TA14532,D204,2004
CD0825,F,1,3.9,3,3,3,121,VX04406,TB09185,D207,2004
CD0826,M,1,2.8,3,3,3,121,VS50139,TA14502,D207,2004
CD0827,F,0,1.8,3,3,3,121,VS50139,TA14502,D207,2004
CD0828,M,1,5.7,4,4,4,121,TB09229,TB09171,D208,2004
CD0829,M,0,4.7,4,4,4,121,TB09229,TB09171,D208,2004
CD0830,M,1,2.8,4,4,4,121,TB09119,TB09063,D208,2004
CD0831,M,0,2.5,4,4,4,121,TB09119,TB09063,D208,2004
CD0832,M,1,3.7,3,3,3,122,VX04336,TB09069,D209,2004
CD0833,M,0,3.7,3,3,3,122,VX04406,TB09185,D209,2004
CD0834,M,0,2.2,3,3,3,122,VX04336,TB09069,D209,2004
CD0835,M,1,5.2,3,3,4,122,VS50139,TA14502,D210,2004
CD0836,M,0,4.6,3,3,4,122,VS50139,TA14502,D210,2004
CD0837,M,0,2.6,3,3,4,122,VX04406,TB09185,D210,2004
CD0843,M,1,3.3,3,3,3,123,TA14598,TB09166,D212,2004
CD0844,F,1,2.4,3,3,3,123,TA14598,TB09166,D212,2004
CD0845,M,0,1.8,3,3,3,123,TB09119,VX04222,D212,2004
CD0846,F,1,2.7,1,3,3,123,VX04353,VX04311,D213,2004
CD0849,F,0,3.4,3,3,4,123,TB09119,VX04222,D214,2004
CD0850,F,0,2.8,3,3,4,123,TB09119,VX04222,D214,2004
CD0851,M,0,2.5,3,3,4,123,TA14644,TB09174,D214,2004
CD0853,F,0,3.2,2,2,3,123,TA14644,TB09174,D215,2004
CD0854,F,0,2.7,2,2,3,123,TA14644,TB09174,D215,2004
CD0880,M,0,,2,4,5,100,VV78215,TB09084,D169,2004
CD0881,F,0,,3,4,6,30,TA14526,TA14525,D022,2004
CE0001,M,0,6.8,0,,,,TB09046,TB09184,E001,2005
CE0003,F,0,2.6,4,4,4,22,TC19676,TB09234,E002,2005
CE0004,M,0,2.4,4,4,4,22,TC19676,TB09234,E002,2005
CE0005,M,0,1.2,4,4,4,22,TC19676,TB09234,E002,2005
CE0006,F,0,1.2,4,4,4,22,TC19676,TB09234,E002,2005
CE0007,F,0,4.9,2,3,5,22,VX04406,TB09185,E003,2005
CE0008,F,0,2.7,2,3,5,22,VX04406,TB09185,E003,2005
CE0015,F,0,,0,2,,,VX04378,TA14606,E005,2005
CE0016,M,0,,0,2,,,VX04378,TA14606,E005,2005
CE0018,F,0,1.9,3,4,4,23,VV78215,TB09084,E006,2005
CE0019,F,0,1.7,3,4,4,23,VV78215,TB09084,E006,2005
CE0020,F,0,1.6,3,4,4,23,VV78215,TB09084,E006,2005
CE0027,F,0,2.5,2,4,4,30,TC19690,VX04453,E012,2005
CE0028,F,0,2,2,4,4,30,TC19690,VX04453,E012,2005
CE0029,F,0,,2,4,4,30,TC19690,VX04453,E012,2005
CE0031,F,0,5.8,1,1,4,30,TA14531,TB09125,E013,2005
CE0040,F,0,4.5,1,1,5,38,TA14571,TB09207,E016,2005
CE0045,M,0,4.7,3,3,5,39,VX04326,TB09147,E017,2005
CE0046,F,0,3.6,3,3,5,39,VX04326,TB09147,E017,2005
CE0047,M,0,2.8,3,3,5,39,VX04326,TB09147,E017,2005
CE0050,M,0,3.8,2,2,4,39,TA14574,TA14645,E018,2005
CE0051,M,0,3.2,2,2,4,39,TA14574,TA14645,E018,2005
CE0053,M,0,3.4,2,3,5,40,VS06799,TA14530,E019,2005
CE0054,F,0,3.4,2,3,5,40,VS06799,TA14530,E019,2005
CE0058,M,0,4.1,3,3,4,40,VX04326,VS50141,E020,2005
CE0059,M,0,3.3,3,3,4,40,VX04326,VS50141,E020,2005
CE0060,F,1,2.6,3,3,4,40,VS06799,TA14530,E020,2005
CE0062,M,0,2.1,3,4,5,41,VX04378,TA14606,E021,2005
CE0063,M,0,1.4,3,4,5,41,VX04378,TA14606,E021,2005
CE0064,F,0,1.4,3,4,5,41,VX04378,TA14606,E021,2005
CE0065,M,0,,3,4,5,41,VX04378,TA14606,E021,2005
CE0067,M,0,3,2,2,5,41,TB09199,TB09112,E022,2005
CE0068,M,0,2,2,2,5,41,VV78261,TB09102,E022,2005
CE0076,F,0,2.7,3,3,5,41,TA14647,TA14586,E024,2005
CE0077,F,0,2.4,3,3,5,41,TA14647,TA14586,E024,2005
CE0078,M,0,1.7,3,3,5,41,TA14647,TA14586,E024,2005
CE0081,M,0,5.1,5,5,6,42,VV78261,TB09102,E025,2005
CE0082,M,0,3.4,5,5,6,42,TB09199,TB09112,E025,2005
CE0083,F,0,2.6,5,5,6,42,VX04208,TA14548,E025,2005
CE0084,F,0,2.1,5,5,6,42,VX04208,TA14548,E025,2005
CE0085,M,0,1.6,5,5,6,42,VX04208,TA14548,E025,2005
CE0087,M,0,4.7,3,3,4,42,VX04208,TA14548,E026,2005
CE0088,M,1,3.3,3,3,4,42,VX04208,TA14548,E026,2005
CE0089,F,0,1.6,3,3,4,42,VV78261,TB09102,E026,2005
CE0091,F,0,,3,4,5,43,VX04201,TA14561,E027,2005
CE0092,M,0,4.3,3,4,5,43,TA14612,TB09047,E027,2005
CE0093,F,1,3.6,3,4,5,43,TA14612,TB09047,E027,2005
CE0094,M,0,2.8,3,4,5,43,TA14612,TB09047,E027,2005
CE0105,M,0,2.8,4,4,5,43,TA14573,TA14565,E030,2005
CE0106,M,1,2.4,4,4,5,43,TC19690,TB09121,E030,2005
CE0107,F,0,2.7,4,4,5,43,TC19690,TB09121,E030,2005
CE0108,F,0,2.1,4,4,5,43,TC19690,TB09121,E030,2005
CE0110,F,0,3.4,4,5,5,43,VX04365,VX04369,E031,2005
CE0111,F,0,4.2,4,5,5,43,VX04365,VX04369,E031,2005
CE0112,F,0,2.6,4,5,5,43,VX04365,VX04369,E031,2005
CE0113,F,0,2.6,4,5,5,43,VX04489,TA14601,E031,2005
CE0115,F,0,2.9,4,4,4,43,TA14553,TA14506,E032,2005
CE0116,F,0,2.7,4,4,4,43,TA14553,TA14506,E032,2005
CE0117,M,0,2.3,4,4,4,43,TA14553,TA14506,E032,2005
CE0118,M,0,1.6,4,4,4,43,TA14553,TA14506,E032,2005
CE0119,M,0,4.1,3,4,4,43,VX04489,TA14601,E033,2005
CE0120,M,1,3.7,3,4,4,43,VX04489,TA14601,E033,2005
CE0121,M,0,2.2,3,4,4,43,VX04489,TA14601,E033,2005
CE0122,M,0,,3,4,4,43,VX04365,VX04369,E033,2005
CE0123,F,0,3.7,2,4,4,43,TA14612,TB09047,E034,2005
CE0124,M,0,3.5,2,4,4,43,TA14573,TA14565,E034,2005
CE0127,F,0,4.9,5,5,5,43,VX04201,TA14561,E035,2005
CE0128,F,0,4,5,5,5,43,VX04201,TA14561,E035,2005
CE0129,M,0,2.6,5,5,5,43,VX04201,TA14561,E035,2005
CE0130,M,0,2,5,5,5,43,TA14612,TB09047,E035,2005
CE0131,M,0,1.8,5,5,5,43,TC19690,TB09121,E035,2005
CE0132,F,0,4.4,2,2,4,44,TA14509,TB09092,E036,2005
CE0133,F,0,3.2,2,2,4,44,TA14509,TB09092,E036,2005
CE0136,F,0,4.7,3,3,5,44,TA14518,TA14554,E037,2005
CE0137,M,0,4,3,3,5,44,TA14518,TA14554,E037,2005
CE0138,F,0,2.7,3,3,5,44,VX04490,TA14513,E037,2005
CE0141,M,0,3.4,3,3,4,44,VX04490,TA14513,E038,2005
CE0142,M,0,3.3,3,3,4,44,VX04490,TA14513,E038,2005
CE0143,M,0,2.8,3,3,4,44,VX04490,TA14513,E038,2005
CE0145,M,0,3.6,4,4,4,44,TA14509,TB09092,E039,2005
CE0146,M,0,3.4,4,4,4,44,TB09188,TA14502,E039,2005
CE0147,M,1,2.7,4,4,4,44,TB09188,TA14502,E039,2005
CE0148,F,1,2.4,4,4,4,44,TB09188,TA14502,E039,2005
CE0149,M,1,4.5,5,5,5,45,VX04406,TB09185,E040,2005
CE0150,F,1,4.4,5,5,5,45,VX04306,VX04363,E040,2005
CE0151,F,0,4.1,5,5,5,45,VX04306,VX04363,E040,2005
CE0152,F,1,3.4,5,5,5,45,VX04306,VX04363,E040,2005
CE0153,F,0,2.6,5,5,5,45,VX04306,VX04363,E040,2005
CE0154,F,1,4.7,4,5,5,45,TA14644,TB09174,E041,2005
CE0155,F,1,4,4,5,5,45,TA14644,TB09174,E041,2005
CE0156,F,1,3.5,4,5,5,45,TA14644,TB09174,E041,2005
CE0157,M,1,3.2,4,5,5,45,TA14644,TB09174,E041,2005
CE0158,F,0,,4,5,5,45,TA14644,TB09174,E041,2005
CE0159,F,1,3.1,2,2,5,45,TA14541,TB09184,E042,2005
CE0160,M,0,3.1,2,2,5,45,VX04406,TB09185,E042,2005
CE0164,M,1,4.6,5,5,5,45,VX04486,VX04252,E043,2005
CE0165,M,1,3.6,5,5,5,45,VX04486,VX04252,E043,2005
CE0166,F,0,3.9,5,5,5,45,VX04486,VX04252,E043,2005
CE0167,M,1,3.5,5,5,5,45,VX04486,VX04252,E043,2005
CE0168,F,1,1.8,5,5,5,45,VX04486,VX04252,E043,2005
CE0169,M,1,3.8,5,5,5,45,TB09229,TB09131,E044,2005
CE0170,M,0,3.6,5,5,5,45,TB09229,TB09131,E044,2005
CE0171,M,0,3.4,5,5,5,45,TB09229,TB09131,E044,2005
CE0172,M,0,2.5,5,5,5,45,TA14541,TB09184,E044,2005
CE0173,F,0,1.8,5,5,5,45,VX04306,VX04363,E044,2005
CE0174,M,1,3.8,5,5,5,45,TA14541,TB09184,E045,2005
CE0175,F,0,3.3,5,5,5,45,TA14541,TB09184,E045,2005
CE0176,M,1,3,5,5,5,45,TA14541,TB09184,E045,2005
CE0177,M,1,2.6,5,5,5,45,TB09229,TB09131,E045,2005
CE0178,M,0,2.3,5,5,5,45,TB09229,TB09131,E045,2005
CE0179,M,1,4.9,4,4,5,45,TC19685,TA14507,E046,2005
CE0180,M,1,4.5,4,4,5,45,TC19685,TA14507,E046,2005
CE0181,F,0,3.5,4,4,5,45,TC19685,TA14507,E046,2005
CE0182,M,0,2.3,4,4,5,45,TB09109,TA14638,E046,2005
CE0184,M,0,3.6,4,4,5,45,TB09109,TA14638,E047,2005
CE0185,F,0,3.3,4,4,5,45,TB09109,TA14638,E047,2005
CE0186,F,0,3.1,4,4,5,45,TB09109,TA14638,E047,2005
CE0187,F,0,2.3,4,4,5,45,TC19685,TA14507,E047,2005
CE0189,F,0,3.2,5,5,5,45,TA14529,TA14600,E048,2005
CE0190,M,0,3.5,5,5,5,45,TA14529,TA14600,E048,2005
CE0191,F,1,3,5,5,5,45,TA14529,TA14600,E048,2005
CE0192,F,1,2.6,5,5,5,45,TA14529,TA14600,E048,2005
CE0193,M,1,2.1,5,5,5,45,VX04422,VX04228,E048,2005
CE0194,F,0,4.6,4,4,4,45,VX04422,VX04228,E049,2005
CE0195,M,1,4,4,4,4,45,VX04422,VX04228,E049,2005
CE0196,F,1,3.7,4,4,4,45,VX04422,VX04228,E049,2005
CE0197,M,1,2.8,4,4,4,45,VX04422,VX04228,E049,2005
CE0198,F,0,3.4,2,3,5,47,VX04353,TC19696,E050,2005
CE0199,M,1,2.4,2,3,5,47,TA14528,TC19562,E050,2005
CE0201,M,0,,2,3,5,47,TA14528,TC19562,E050,2005
CE0204,F,0,1.9,4,4,6,47,TA14581,TA14505,E051,2005
CE0205,M,0,1.7,4,4,6,47,TA14581,TA14505,E051,2005
CE0206,M,0,1.8,4,4,6,47,TA14581,TA14505,E051,2005
CE0207,M,1,1.4,4,4,6,47,TA14581,TA14505,E051,2005
CE0210,F,1,2.5,5,5,5,47,TA14528,TC19562,E052,2005
CE0211,M,1,2.4,5,5,5,47,TB09027,TA14532,E052,2005
CE0212,F,0,1.9,5,5,5,47,TB09027,TA14532,E052,2005
CE0213,M,0,1.8,5,5,5,47,VX04353,TC19696,E052,2005
CE0214,M,0,1.7,5,5,5,47,VX04353,TC19696,E052,2005
CE0215,M,0,5.2,4,4,5,48,VS50140,TB09297,E053,2005
CE0216,M,0,3.6,4,4,5,48,VS50140,TB09297,E053,2005
CE0217,M,0,2.8,4,4,5,48,VS50140,TB09297,E053,2005
CE0218,F,0,1.8,4,4,5,48,VV78215,TB09084,E053,2005
CE0220,F,0,3.8,5,5,5,48,TB09259,TA14607,E054,2005
CE0221,M,0,4.1,5,5,5,48,TB09259,TA14607,E054,2005
CE0222,M,1,3.3,5,5,5,48,TB09259,TA14607,E054,2005
CE0223,M,1,3.4,5,5,5,48,TB09259,TA14607,E054,2005
CE0224,M,0,2.8,5,5,5,48,TB09259,TA14607,E054,2005
CE0225,F,0,6,4,4,4,48,TB09254,TB09286,E055,2005
CE0226,M,1,5,4,4,4,48,TB09254,TB09286,E055,2005
CE0227,M,1,4.5,4,4,4,48,TB09254,TB09286,E055,2005
CE0228,F,0,1.2,4,4,4,48,TB09055,TB09230,E055,2005
CE0229,M,0,3.7,4,4,4,48,VV78215,TB09084,E056,2005
CE0230,F,1,4.9,4,4,4,48,VV78215,TB09084,E056,2005
CE0231,M,1,3.5,4,4,4,48,VV78215,TB09084,E056,2005
CE0232,F,0,1.9,4,4,4,48,VS50140,TB09297,E056,2005
CE0233,F,1,6.1,5,5,5,48,VX04207,TB09139,E057,2005
CE0234,M,1,6.1,5,5,5,48,VX04207,TB09139,E057,2005
CE0235,M,1,5,5,5,5,48,VX04207,TB09139,E057,2005
CE0236,F,1,4.1,5,5,5,48,VX04207,TB09139,E057,2005
CE0237,M,1,3.1,5,5,5,48,VX04207,TB09139,E057,2005
CE0238,F,0,4.8,3,3,4,48,TB09055,TB09230,E058,2005
CE0239,F,0,4.3,3,3,4,48,TB09055,TB09230,E058,2005
CE0240,M,0,4.2,3,3,4,48,TB09055,TB09230,E058,2005
CE0242,F,0,4.7,2,2,4,48,VX04353,TC19696,E059,2005
CE0243,F,0,4.3,2,2,4,48,VX04353,TC19696,E059,2005
CE0246,F,0,4,4,5,5,49,TC19676,TB09234,E060,2005
CE0247,F,1,4.3,4,5,5,49,TC19676,TB09234,E060,2005
CE0248,F,0,4.1,4,5,5,49,TC19676,TB09234,E060,2005
CE0249,F,0,3.9,4,5,5,49,TB09236,TB09036,E060,2005
CE0251,F,0,3.5,4,4,4,49,TB09257,TB09206,E061,2005
CE0252,F,0,3.3,4,4,4,49,TB09116,TB09171,E061,2005
CE0253,M,0,3.4,4,4,4,49,TB09257,TB09206,E061,2005
CE0254,F,1,3.1,4,4,4,49,TB09257,TB09206,E061,2005
CE0255,M,1,3.8,5,5,5,49,TB09236,TB09036,E062,2005
CE0256,F,1,3.3,5,5,5,49,TB09236,TB09036,E062,2005
CE0257,F,1,3.3,5,5,5,49,TB09236,TB09036,E062,2005
CE0258,F,1,2,5,5,5,49,TB09236,TB09036,E062,2005
CE0259,F,0,1.5,5,5,5,49,TC19676,TB09234,E062,2005
CE0264,F,0,4,3,4,5,49,TB09027,TB09118,E064,2005
CE0265,F,0,3.2,3,4,5,49,TB09027,TB09118,E064,2005
CE0266,F,0,2.6,3,4,5,49,TB09027,TB09118,E064,2005
CE0269,M,0,4.6,3,3,4,49,TB09116,TB09171,E065,2005
CE0270,M,0,3.9,3,3,4,49,TB09116,TB09171,E065,2005
CE0271,M,0,3,3,3,4,49,TB09116,TB09171,E065,2005
CE0273,M,0,3.7,3,5,5,50,TC19554,TB09069,E066,2005
CE0274,M,0,3.7,3,5,5,50,TC19554,TB09069,E066,2005
CE0275,M,0,3.4,3,5,5,50,VX04447,TB09133,E066,2005
CE0278,F,0,3.5,2,5,6,50,TB09281,TC19647,E067,2005
CE0279,M,0,2.7,2,5,6,50,TB09281,TC19647,E067,2005
CE0280,M,0,,2,5,6,50,TC19609,TB09097,E067,2005
CE0284,M,0,3.9,5,5,5,50,TB09173,TB09070,E068,2005
CE0285,F,0,4.2,5,5,5,50,TB09173,TB09070,E068,2005
CE0286,F,0,4.1,5,5,5,50,TB09173,TB09070,E068,2005
CE0287,F,0,3.8,5,5,5,50,TB09173,TB09070,E068,2005
CE0288,F,0,2.1,5,5,5,50,TB09173,TB09070,E068,2005
CE0289,F,0,4,5,5,5,50,VX04447,TB09133,E069,2005
CE0290,F,1,3.2,5,5,5,50,VX04447,TB09133,E069,2005
CE0291,M,0,2.8,5,5,5,50,TC19609,TB09097,E069,2005
CE0292,F,0,2.8,5,5,5,50,TC19609,TB09097,E069,2005
CE0293,F,0,3,5,5,5,50,TC19554,TB09069,E069,2005
CE0294,F,0,3.2,3,3,,,TB09178,TB09153,E070,2005
CE0295,F,0,3.4,3,3,,,TB09178,TB09153,E070,2005
CE0296,M,0,3.3,3,3,,,TB09178,TB09153,E070,2005
CE0297,F,0,,0,3,4,51,VX04284,TB09258,E071,2005
CE0298,F,0,,0,3,4,51,VX04284,TB09258,E071,2005
CE0299,F,0,,0,3,4,51,VX04284,TB09258,E071,2005
CE0301,F,0,4.2,4,5,5,51,TB09281,TC19647,E072,2005
CE0302,M,1,3.7,4,5,5,51,TB09281,TC19647,E072,2005
CE0303,F,0,3.1,4,5,5,51,TC19554,TB09069,E072,2005
CE0304,M,0,3.8,4,5,5,51,TB09281,TC19647,E072,2005
CE0305,F,0,3.5,4,5,5,51,TC19554,TB09069,E072,2005
CE0310,F,0,2.9,0,3,4,52,VX04229,TC19619,E074,2005
CE0311,F,0,,0,3,4,52,VX04229,TC19619,E074,2005
CE0312,M,0,,0,3,4,52,VX04229,TC19619,E074,2005
CE0314,F,0,3.2,6,6,6,52,VX04284,TB09099,E075,2005
CE0315,F,0,2.8,6,6,6,52,VX04284,TB09099,E075,2005
CE0316,F,1,3,6,6,6,52,VX04284,TB09099,E075,2005
CE0317,F,0,2.9,6,6,6,52,VX04284,TB09099,E075,2005
CE0318,M,0,2.4,6,6,6,52,VX04284,TB09099,E075,2005
CE0319,M,0,2.1,6,6,6,52,VX04284,TB09099,E075,2005
CE0320,F,0,2.3,3,3,4,53,VX04286,TB09068,E076,2005
CE0321,F,0,2.5,3,3,4,53,TB09055,TC19577,E076,2005
CE0322,F,0,2.3,3,3,4,53,TB09055,TC19577,E076,2005
CE0324,F,0,6.7,3,3,3,53,TB09115,TC19533,E077,2005
CE0325,M,0,5.6,3,3,3,53,TB09115,TC19533,E077,2005
CE0326,F,0,3.4,3,3,3,53,TB09299,VX04473,E077,2005
CE0327,M,0,5.4,4,4,4,53,TB09055,TC19577,E078,2005
CE0328,M,0,4.8,4,4,4,53,TB09115,TC19533,E078,2005
CE0329,M,0,4.9,4,4,4,53,TB09299,VX04473,E078,2005
CE0330,M,0,4.3,4,4,4,53,TB09299,VX04473,E078,2005
CE0331,F,0,3.7,3,3,4,53,VX04286,TB09068,E079,2005
CE0332,F,0,3.7,3,3,4,53,VX04286,TB09068,E079,2005
CE0333,F,0,2.9,3,3,4,53,VX04286,TB09068,E079,2005
CE0335,M,0,3.5,3,3,4,54,TC19690,VX04453,E080,2005
CE0336,F,1,3.9,3,3,4,54,TC19690,VX04453,E080,2005
CE0337,F,0,2.7,3,3,4,54,TC19690,VX04453,E080,2005
CE0339,M,,2.9,4,4,5,54,TA14598,TB09284,E081,2005
CE0340,F,,2.7,4,4,5,54,TA14598,TB09284,E081,2005
CE0341,M,,2.6,4,4,5,54,TA14598,TB09284,E081,2005
CE0342,M,,1.5,4,4,5,54,TC19690,VX04453,E081,2005
CE0344,F,,2.9,4,4,4,54,TA14598,TB09284,E082,2005
CE0345,F,,2.9,4,4,4,54,TB09299,VX04291,E082,2005
CE0346,M,,3.1,4,4,4,54,TB09299,VX04291,E082,2005
CE0347,F,,2.7,4,4,4,54,TB09299,VX04291,E082,2005
CE0352,F,,3.7,2,2,5,62,TA14598,TB09207,E084,2005
CE0353,F,,3.1,2,2,5,62,TA14598,TB09207,E084,2005
CE0362,F,,5.2,3,3,5,64,TC19519,TC19525,E086,2005
CE0363,M,,4.4,3,3,5,64,TC19519,TC19525,E086,2005
CE0364,F,,3.9,3,3,5,64,TC19519,TC19525,E086,2005
CE0366,M,,4.3,4,4,4,64,VX04326,TB09147,E087,2005
CE0367,F,,4.3,4,4,4,64,VX04326,TB09147,E087,2005
CE0368,M,,4.5,4,4,4,64,VX04326,TB09147,E087,2005
CE0369,M,,3.2,4,4,4,64,TC19519,TC19525,E087,2005
CE0370,M,,4,2,2,3,65,TA14647,TA14586,E088,2005
CE0371,M,,2.4,2,2,3,65,TA14647,TA14586,E088,2005
CE0373,M,,4.7,3,3,5,65,TC19621,TC19587,E089,2005
CE0374,F,,4.5,3,3,5,65,TC19621,TC19587,E089,2005
CE0375,F,,4.3,3,3,5,65,TC19621,TC19587,E089,2005
CE0382,F,,4.3,5,5,5,65,TC19617,TC19610,E091,2005
CE0383,F,,4,5,5,5,65,TC19617,TC19610,E091,2005
CE0384,M,,2.6,5,5,5,65,TC19617,TC19610,E091,2005
CE0385,F,,2.2,5,5,5,65,TA14647,TA14586,E091,2005
CE0386,M,,1.8,5,5,5,65,TA14647,TA14586,E091,2005
CE0387,M,,3.5,4,4,6,65,VX04378,TA14606,E092,2005
CE0388,M,,3.2,4,4,6,65,VX04378,TA14606,E092,2005
CE0389,F,,2.2,4,4,6,65,VX04378,TA14606,E092,2005
CE0390,F,,1.8,4,4,6,65,VX04378,TA14606,E092,2005
CE0393,F,,4.5,3,3,5,65,VS06799,TA14530,E093,2005
CE0394,M,,3.4,3,3,5,65,VS06799,TA14530,E093,2005
CE0395,M,,2.6,3,3,5,65,VX04378,TA14606,E093,2005
CE0398,M,,5.1,3,3,4,65,TB09199,TB09112,E094,2005
CE0399,F,,4.9,3,3,4,65,TB09199,TB09112,E094,2005
CE0400,M,,2.8,3,3,4,65,TB09199,TB09112,E094,2005
CE0402,F,,3.8,4,4,4,66,TB09091,TC19544,E095,2005
CE0403,M,,3.5,4,4,4,66,TB09091,TC19544,E095,2005
CE0404,M,,2.4,4,4,4,66,TB09091,TC19544,E095,2005
CE0405,F,,1.9,4,4,4,66,TB09091,TC19544,E095,2005
CE0413,M,,3.5,3,3,3,68,TB09170,VS50188,E098,2005
CE0414,M,,3.4,3,3,3,68,TB09170,VS50188,E098,2005
CE0415,M,,2.7,3,3,3,68,TB09170,VS50188,E098,2005
CE0416,M,,3.5,4,4,4,70,TA14531,TB09125,E099,2005
CE0417,F,,2.6,4,4,4,70,TA14531,TB09125,E099,2005
CE0418,F,,1.8,4,4,4,70,TC19690,TB09121,E099,2005
CE0419,M,,1.7,4,4,4,70,TC19690,TB09121,E099,2005
CE0420,F,,4.9,5,5,5,70,TB09129,VS50141,E100,2005
CE0421,M,,3.7,5,5,5,70,TB09129,VS50141,E100,2005
CE0422,F,,3.5,5,5,5,70,TB09129,VS50141,E100,2005
CE0423,M,,2,5,5,5,70,TB09129,VS50141,E100,2005
CE0424,F,,2.4,5,5,5,70,TA14581,TA14505,E100,2005
CE0425,M,,6.5,4,4,5,70,TA14581,TA14505,E101,2005
CE0426,M,,5.6,4,4,5,70,TA14581,TA14505,E101,2005
CE0427,M,,4.2,4,4,5,70,TA14581,TA14505,E101,2005
CE0428,M,,2.9,4,4,5,70,TA14581,TA14505,E101,2005
CE0430,F,,4.5,5,5,5,71,TC19690,TB09121,E102,2005
CE0431,F,,3.9,5,5,5,71,TC19690,TB09121,E102,2005
CE0432,F,,2.7,5,5,5,71,TA14531,TB09125,E102,2005
CE0433,M,,2.8,5,5,5,71,TA14531,TB09125,E102,2005
CE0434,M,,2.4,5,5,5,71,TA14531,TB09125,E102,2005
CE0435,M,,4.3,3,4,5,72,TA14528,TC19562,E103,2005
CE0436,M,,2.3,3,4,5,72,TA14528,TC19562,E103,2005
CE0437,M,,1.8,3,4,5,72,TA14528,TC19562,E103,2005
CE0440,F,1,5.5,5,5,5,73,TC19507,TB09063,E104,2005
CE0441,F,1,5.4,5,5,5,73,TC19507,TB09063,E104,2005
CE0442,F,0,4.9,5,5,5,73,TC19507,TB09063,E104,2005
CE0443,F,1,4,5,5,5,73,TC19507,TB09063,E104,2005
CE0444,M,0,2,5,5,5,73,TC19507,TB09063,E104,2005
CE0450,F,0,2.8,2,3,4,74,TA14573,TA14565,E106,2005
CE0451,F,0,2.3,2,3,4,74,TA14573,TA14565,E106,2005
CE0454,F,1,3.6,1,2,4,74,TC19671,TC19529,E107,2005
CE0458,F,1,5.3,4,4,4,74,TA14541,TB09184,E108,2005
CE0459,F,1,4.8,4,4,4,74,TA14541,TB09184,E108,2005
CE0460,F,1,4.8,4,4,4,74,TA14541,TB09184,E108,2005
CE0461,F,1,3.4,4,4,4,74,TC19671,TC19529,E108,2005
CE0462,M,0,3.3,2,3,4,74,VX04284,TB09258,E109,2005
CE0466,M,0,4.9,5,5,5,74,TB09173,TB09070,E110,2005
CE0467,F,1,4.7,5,5,5,74,TB09173,TB09070,E110,2005
CE0468,M,1,4.5,5,5,5,74,TA14573,TA14565,E110,2005
CE0469,M,0,3.3,5,5,5,74,VX04284,TB09258,E110,2005
CE0470,M,0,1.9,5,5,5,74,TA14573,TA14565,E110,2005
CE0471,M,1,4.1,3,3,3,74,TB09173,TB09070,E111,2005
CE0472,M,1,4.2,3,3,3,74,TB09173,TB09070,E111,2005
CE0473,M,0,3.9,3,3,3,74,TC19683,TC19681,E111,2005
CE0474,M,1,4.7,5,5,5,75,TB09027,TB09118,E112,2005
CE0475,F,0,4.1,5,5,5,75,TC19609,TB09151,E112,2005
CE0476,F,1,4.1,5,5,5,75,TB09027,TB09118,E112,2005
CE0477,F,0,3.2,5,5,5,75,TC19609,TB09151,E112,2005
CE0478,F,0,3,5,5,5,75,TC19609,TB09151,E112,2005
CE0479,M,0,3.4,3,3,5,75,TB09236,TB09036,E113,2005
CE0480,F,0,3.3,3,3,5,75,TB09236,TB09036,E113,2005
CE0481,M,0,3.1,3,3,5,75,TB09236,TB09036,E113,2005
CE0484,F,0,4.6,2,2,4,75,TB09236,TB09036,E114,2005
CE0485,F,0,3.6,2,2,4,75,TB09236,TB09036,E114,2005
CE0488,F,1,3.7,3,4,4,76,VV78215,TB09084,E115,2005
CE0489,F,0,3.9,3,4,4,76,VS50136,TB09182,E115,2005
CE0490,M,1,3.8,3,4,4,76,VV78215,TB09084,E115,2005
CE0492,M,1,4.5,5,5,6,76,VX04229,TC19619,E116,2005
CE0493,M,1,4.4,5,5,6,76,VX04229,TC19619,E116,2005
CE0494,F,1,3.9,5,5,6,76,TB09055,TC19577,E116,2005
CE0495,M,1,3.7,5,5,6,76,TB09055,TC19577,E116,2005
CE0496,M,1,2.1,5,5,6,76,TB09055,TC19577,E116,2005
CE0498,F,1,3.9,3,4,4,76,VV78215,TB09084,E117,2005
CE0499,M,0,3.7,3,4,4,76,VS50136,TB09182,E117,2005
CE0500,M,0,2.3,3,4,4,76,VS50136,TB09182,E117,2005
CE0502,F,1,3.9,2,2,4,76,VV78215,TB09084,E118,2005
CE0503,F,1,3.1,2,2,4,76,VV78215,TB09084,E118,2005
CE0506,F,1,4.8,4,4,5,77,TB09115,TB09280,E119,2005
CE0507,F,1,4.4,4,4,5,77,TB09115,TB09280,E119,2005
CE0508,M,1,4.1,4,4,5,77,TB09115,TB09280,E119,2005
CE0509,M,1,3.9,4,4,5,77,TB09115,TB09280,E119,2005
CE0511,M,1,5.4,3,4,4,78,TB09109,TB09099,E120,2005
CE0512,F,1,4.6,3,4,4,78,TB09109,TB09099,E120,2005
CE0513,F,1,2.8,3,4,4,78,TB09109,TB09099,E120,2005
CE0515,M,0,4.6,1,1,5,78,TB09291,TA14604,E121,2005
CE0520,F,1,5.2,4,5,6,78,VX04447,TB09133,E122,2005
CE0521,F,1,4.9,4,5,6,78,VX04447,TB09133,E122,2005
CE0522,F,1,3.1,4,5,6,78,VX04447,TB09133,E122,2005
CE0523,M,1,2.8,4,5,6,78,TB09109,TB09099,E122,2005
CE0529,M,1,3.9,2,3,4,79,TB09115,TC19664,E124,2005
CE0530,F,0,2.6,2,3,4,79,TB09115,TC19664,E124,2005
CE0533,M,1,3.6,5,5,5,80,TA14553,TA14506,E125,2005
CE0534,M,1,3.4,5,5,5,80,TA14553,TA14506,E125,2005
CE0535,F,0,2.8,5,5,5,80,TA14553,TA14506,E125,2005
CE0536,F,0,1.8,5,5,5,80,TA14553,TA14506,E125,2005
CE0537,F,0,1.8,5,5,5,80,TA14553,TA14506,E125,2005
CE0538,F,1,3.6,3,3,5,81,TC19663,TC19628,E126,2005
CE0539,F,0,3.2,3,3,5,81,TC19663,TC19628,E126,2005
CE0540,F,0,2,3,3,5,81,TB09188,TA14502,E126,2005
CE0543,F,1,4.7,5,5,5,81,VX04208,TA14548,E127,2005
CE0544,M,1,4.4,5,5,5,81,VX04208,TA14548,E127,2005
CE0545,F,0,4.2,5,5,5,81,TC19663,TC19628,E127,2005
CE0546,F,1,4.1,5,5,5,81,VX04208,TA14548,E127,2005
CE0547,M,0,2.3,5,5,5,81,TC19663,TC19628,E127,2005
CE0548,F,0,4.3,2,4,4,81,VX04406,TB09185,E128,2005
CE0549,M,0,3.9,2,4,4,81,VX04406,TB09185,E128,2005
CE0550,M,0,,2,4,4,81,VX04406,TB09185,E128,2005
CE0551,M,0,,2,4,4,81,VX04406,TB09185,E128,2005
CE0552,M,0,6.1,4,4,5,81,TA14612,TB09047,E129,2005
CE0553,F,1,5.4,4,4,5,81,TB09188,TA14502,E129,2005
CE0554,M,1,5.2,4,4,5,81,TB09188,TA14502,E129,2005
CE0555,F,1,3.7,4,4,5,81,TC19663,TC19628,E129,2005
CE0557,F,0,4,5,5,5,81,VX04208,TA14548,E130,2005
CE0558,F,0,3.6,5,5,5,81,TA14612,TB09047,E130,2005
CE0559,M,0,3.4,5,5,5,81,TA14612,TB09047,E130,2005
CE0560,F,0,3.2,5,5,5,81,TA14612,TB09047,E130,2005
CE0561,M,0,2.3,5,5,5,81,TA14612,TB09047,E130,2005
CE0562,F,1,5.7,5,5,5,82,VX04353,TC19696,E131,2005
CE0563,M,1,5.6,5,5,5,82,VX04353,TC19696,E131,2005
CE0564,M,1,5.7,5,5,5,82,VX04353,TC19696,E131,2005
CE0565,M,1,5.5,5,5,5,82,TC19554,TB09069,E131,2005
CE0566,M,1,4.5,5,5,5,82,TC19554,TB09069,E131,2005
CE0567,F,0,5,5,5,5,82,TC19554,TB09069,E132,2005
CE0568,F,0,3.8,5,5,5,82,TC19554,TB09069,E132,2005
CE0569,F,0,3.4,5,5,5,82,TC19554,TB09069,E132,2005
CE0570,M,0,3.4,5,5,5,82,VX04353,TC19696,E132,2005
CE0572,F,0,5,5,5,5,83,TA14518,TA14554,E133,2005
CE0573,F,0,4.7,5,5,5,83,TA14518,TA14554,E133,2005
CE0574,F,1,4.4,5,5,5,83,VX04365,VX04369,E133,2005
CE0575,M,1,4.2,5,5,5,83,VX04365,VX04369,E133,2005
CE0576,F,1,2.2,5,5,5,83,VX04365,VX04369,E133,2005
CE0577,M,0,3.5,4,4,5,83,TA14509,TB09092,E134,2005
CE0578,M,0,3.4,4,4,5,83,TA14509,TB09092,E134,2005
CE0579,F,0,2.8,4,4,5,83,TA14509,TB09092,E134,2005
CE0580,M,0,2,4,4,5,83,TA14509,TB09092,E134,2005
CE0582,F,0,4.6,5,5,5,83,VV78261,TB09102,E135,2005
CE0583,M,1,4.2,5,5,5,83,TA14518,TA14554,E135,2005
CE0584,F,1,3.9,5,5,5,83,TA14518,TA14554,E135,2005
CE0585,F,1,3.4,5,5,5,83,TA14518,TA14554,E135,2005
CE0586,F,0,2.6,5,5,5,83,VX04365,VX04369,E135,2005
CE0587,F,0,6,1,1,5,83,VV78261,TB09102,E136,2005
CE0597,M,0,5.5,4,4,6,84,TB09046,TB09089,E138,2005
CE0598,F,1,5.3,4,4,6,84,TB09046,TB09089,E138,2005
CE0599,F,1,4.7,4,4,6,84,TB09046,TB09089,E138,2005
CE0600,M,1,5,4,4,6,84,TB09046,TB09089,E138,2005
CE0603,M,0,3.9,5,5,5,85,VX04306,VX04363,E139,2005
CE0604,F,1,4.4,5,5,5,85,VX04306,VX04363,E139,2005
CE0605,M,0,4,5,5,5,85,TB09046,TB09089,E139,2005
CE0606,M,1,3.2,5,5,5,85,VX04306,VX04363,E139,2005
CE0607,F,1,2.4,5,5,5,85,VX04306,VX04363,E139,2005
CE0610,M,1,4.7,3,3,4,87,VX04490,TA14513,E142,2005
CE0611,M,1,3.8,3,3,4,87,VX04490,TA14513,E142,2005
CE0612,F,0,1.9,3,3,4,87,VS50140,TB09297,E142,2005
CE0614,F,0,3.1,4,4,5,87,VX04422,VX04228,E143,2005
CE0615,F,0,2.8,4,4,5,87,VX04422,VX04228,E143,2005
CE0616,M,0,2.5,4,4,5,87,VX04422,VX04228,E143,2005
CE0617,F,0,2.1,4,4,5,87,VX04422,VX04228,E143,2005
CE0624,F,0,4.5,4,5,5,87,VX04486,VX04252,E145,2005
CE0625,F,0,3.6,4,5,5,87,VX04486,VX04252,E145,2005
CE0626,M,0,3.1,4,5,5,87,VX04486,VX04252,E145,2005
CE0627,F,0,,4,5,5,87,VX04486,VX04252,E145,2005
CE0628,F,0,2,4,5,5,87,VX04486,VX04252,E145,2005
CE0629,F,1,3,6,6,6,87,TB09229,TB09131,E146,2005
CE0630,F,1,3,6,6,6,87,TB09229,TB09131,E146,2005
CE0631,M,0,2.7,6,6,6,87,TB09229,TB09131,E146,2005
CE0632,M,0,2.5,6,6,6,87,VX04490,TA14513,E146,2005
CE0633,M,0,2.3,6,6,6,87,VX04490,TA14513,E146,2005
CE0634,M,0,1.2,6,6,6,87,VX04490,TA14513,E146,2005
CE0635,F,1,4,4,5,5,88,VS50140,TB09297,E147,2005
CE0636,M,1,4.1,4,5,5,88,VS50140,TB09297,E147,2005
CE0637,M,1,4.2,4,5,5,88,VX04490,TA14513,E147,2005
CE0638,F,0,2,4,5,5,88,TB09229,TB09131,E147,2005
CE0639,M,0,,4,5,5,88,TB09229,TB09131,E147,2005
CE0640,F,1,4.1,5,5,5,90,TB09254,TB09286,E148,2005
CE0641,F,0,4,5,5,5,90,TA14644,VX04473,E148,2005
CE0642,M,0,3.9,5,5,5,90,TB09257,TA14638,E148,2005
CE0643,F,0,3.1,5,5,5,90,TB09257,TA14638,E148,2005
CE0644,F,0,2.2,5,5,5,90,TA14644,VX04473,E148,2005
CE0645,M,0,4.9,2,2,4,90,TB09257,TA14638,E149,2005
CE0646,M,0,3.7,2,2,4,90,TB09254,TB09286,E149,2005
CE0649,M,0,4.1,5,5,5,90,TB09281,TC19647,E150,2005
CE0650,F,0,3.4,5,5,5,90,TB09281,TC19647,E150,2005
CE0651,M,0,3.4,5,5,5,90,TB09281,TC19647,E150,2005
CE0652,M,0,3.3,5,5,5,90,TB09281,TC19647,E150,2005
CE0653,F,0,1.8,5,5,5,90,TB09281,TC19647,E150,2005
CE0654,F,1,5.9,4,4,5,90,TA14644,VX04473,E151,2005
CE0655,F,1,5.9,4,4,5,90,TA14644,VX04473,E151,2005
CE0656,M,1,4.9,4,4,5,90,TA14644,VX04473,E151,2005
CE0657,F,0,2.7,4,4,5,90,TB09257,TA14638,E151,2005
CE0659,F,0,4.4,2,2,5,91,TC19609,TB09097,E152,2005
CE0660,F,1,4.6,2,2,5,91,TC19609,TB09097,E152,2005
CE0664,M,1,4.2,4,4,5,92,TA14574,TA14645,E153,2005
CE0665,F,1,4.1,4,4,5,92,TA14574,TA14645,E153,2005
CE0666,M,1,3.8,4,4,5,92,TA14574,TA14645,E153,2005
CE0667,F,0,2.8,4,4,5,92,TA14574,TA14645,E153,2005
CE0670,M,1,5.9,4,4,5,93,TC19676,TB09234,E155,2005
CE0671,F,1,4.9,4,4,5,93,TC19676,TB09234,E155,2005
CE0672,F,1,4.7,4,4,5,93,TC19676,TB09234,E155,2005
CE0673,M,1,4.1,4,4,5,93,TC19676,TB09234,E155,2005
CE0675,F,0,1.5,1,4,6,94,TC19690,VX04453,E156,2005
CE0681,M,0,3.5,5,5,5,95,TB09299,VX04291,E157,2005
CE0682,F,1,3.3,5,5,5,95,TB09299,VX04291,E157,2005
CE0683,M,0,2.8,5,5,5,95,TB09299,VX04291,E157,2005
CE0684,F,0,2.6,5,5,5,95,TB09299,VX04291,E157,2005
CE0685,M,0,2.2,5,5,5,95,TB09299,VX04291,E157,2005
CE0686,M,1,4.1,5,5,5,95,TA14528,TC19562,E158,2005
CE0687,M,0,3,5,5,5,95,TA14528,TC19562,E158,2005
CE0688,M,1,2.9,5,5,5,95,TA14528,TC19562,E158,2005
CE0689,F,1,2.7,5,5,5,95,TA14528,TC19562,E158,2005
CE0690,M,0,2.1,5,5,5,95,TC19683,TC19681,E158,2005
CE0691,F,1,5.2,4,4,4,95,TC19683,TC19681,E159,2005
CE0692,M,1,4.7,4,4,4,95,TC19683,TC19681,E159,2005
CE0693,F,1,4.7,4,4,4,95,TC19683,TC19681,E159,2005
CE0694,M,1,3.7,4,4,4,95,TC19683,TC19681,E159,2005
CE0695,F,0,4.1,4,4,4,97,VX04286,TB09068,E160,2005
CE0696,F,0,3.7,4,4,4,97,VX04286,TB09068,E160,2005
CE0697,M,0,3.4,4,4,4,97,VX04286,TB09068,E160,2005
CE0698,M,0,2.6,4,4,4,97,VX04286,TB09068,E160,2005
CE0700,M,0,3.8,5,5,5,97,TA14598,TB09284,E161,2005
CE0701,M,0,3.9,5,5,5,97,TA14598,TB09284,E161,2005
CE0702,M,0,2.8,5,5,5,97,TA14598,TB09284,E161,2005
CE0703,M,0,2.8,5,5,5,97,TA14598,TB09284,E161,2005
CE0704,F,0,2.4,5,5,5,97,TA14598,TB09284,E161,2005
CE0705,M,1,5.9,3,4,5,98,VX04284,TB09258,E162,2005
CE0706,M,1,5.1,3,4,5,98,VX04284,TB09258,E162,2005
CE0707,M,1,4.2,3,4,5,98,TA14573,TA14565,E162,2005
CE0708,M,0,,3,4,5,98,TA14573,TA14565,E162,2005
CE0710,F,1,4.9,3,3,5,98,TA14573,TA14565,E163,2005
CE0711,F,1,4.5,3,3,5,98,TA14573,TA14565,E163,2005
CE0712,M,0,2.3,3,3,5,98,VX04284,TB09258,E163,2005
CE0715,F,1,5.9,2,2,4,100,VS06799,TA14530,E164,2005
CE0716,M,0,5.4,2,2,4,100,VS06799,TA14530,E164,2005
CE0727,F,1,5,4,4,4,101,VX04406,TB09185,E167,2005
CE0728,F,0,4.6,4,4,4,101,VX04406,TB09185,E167,2005
CE0729,M,1,4.1,4,4,4,101,VX04406,TB09185,E167,2005
CE0730,F,0,2.6,4,4,4,101,VS50136,TB09182,E167,2005
CE0731,F,1,4.7,2,2,4,102,VX04406,TB09185,E168,2005
CE0732,M,0,3.4,2,2,4,102,VS50136,TB09182,E168,2005
CE0735,F,0,5.9,1,1,4,103,TB09170,VS50188,E169,2005
CE0739,F,1,4.2,3,3,3,103,VX04201,TB09047,E170,2005
CE0740,F,1,3.9,3,3,3,103,TA14529,TA14600,E170,2005
CE0741,M,0,3.3,3,3,3,103,TB09170,VS50188,E170,2005
CE0742,M,1,6,4,4,5,103,VV78261,TB09102,E171,2005
CE0743,M,1,5.9,4,4,5,103,VV78261,TB09102,E171,2005
CE0744,F,0,5,4,4,5,103,TB09170,VS50188,E171,2005
CE0745,F,1,3,4,4,5,103,VX04201,TB09047,E171,2005
CE0747,F,0,5.4,3,3,3,103,VX04378,TA14606,E172,2005
CE0748,F,1,4.9,3,3,3,103,VX04378,TA14606,E172,2005
CE0749,F,0,3.9,3,3,3,103,VX04201,TB09047,E172,2005
CE0751,F,1,5.9,2,2,3,103,VX04378,TA14606,E174,2005
CE0752,M,1,3.9,2,2,3,103,VX04378,TA14606,E174,2005
CE0758,M,0,4.2,2,2,6,106,TA14598,TB09207,E177,2005
CE0759,M,0,3.3,2,2,6,106,TA14598,TB09207,E177,2005
CE0784,F,1,4.3,2,2,4,106,TC19621,TC19587,E178,2005
CE0785,F,1,4.2,2,2,4,106,TC19621,TC19587,E178,2005
CE0788,F,0,,0,,,,TB09236,TB09036,E179,2005
CE0789,F,0,,0,,,,TB09236,TB09036,E179,2005
CE0790,F,1,9.6,4,4,4,105,TB09091,TC19544,E180,2005
CE0791,M,1,8.5,4,4,4,105,TB09091,TC19544,E180,2005
CE0792,F,0,6.9,4,4,4,105,TB09091,TC19544,E180,2005
CE0793,F,0,4.9,4,4,4,105,TB09091,TC19544,E180,2005
CE0802,F,1,5.6,2,3,5,109,VX04326,TB09147,E183,2005
CE0803,M,1,4.4,2,3,5,109,VX04326,TB09147,E183,2005
CE0804,M,0,,2,3,5,109,TA14647,TA14586,E183,2005
CE0807,F,1,4.6,4,4,5,109,TB09199,TC19610,E184,2005
CE0808,F,1,4.1,4,4,5,109,TA14647,TA14586,E184,2005
CE0809,M,1,2.4,4,4,5,109,TA14647,TA14586,E184,2005
CE0810,F,0,2.4,4,4,5,109,VX04326,TB09147,E184,2005
CE0812,F,1,7.1,1,1,5,109,VX04326,TB09147,E185,2005
CE0817,M,1,5.6,5,5,5,110,TB09129,VS50141,E186,2005
CE0818,F,1,5.7,5,5,5,110,TB09129,VS50141,E186,2005
CE0819,F,1,5.3,5,5,5,110,TB09129,VS50141,E186,2005
CE0820,F,1,4.3,5,5,5,110,TB09129,VS50141,E186,2005
CE0821,M,1,3.7,5,5,5,110,TB09129,VS50141,E186,2005
CE0822,M,1,3.4,5,5,5,111,TA14581,TA14505,E187,2005
CE0823,F,1,3.1,5,5,5,111,TA14581,TA14505,E187,2005
CE0824,F,1,3.1,5,5,5,111,TA14581,TA14505,E187,2005
CE0825,F,0,2.9,5,5,5,111,TA14581,TA14505,E187,2005
CE0826,M,0,2.1,5,5,5,111,TA14531,TB09125,E187,2005
CE0832,M,1,3.9,4,5,5,111,TA14531,TB09125,E189,2005
CE0833,M,1,3.5,4,5,5,111,TA14531,TB09125,E189,2005
CE0834,F,1,3.6,4,5,5,111,TA14531,TB09125,E189,2005
CE0835,F,0,2,4,5,5,111,TA14531,TB09125,E189,2005
CE0837,M,1,4.2,4,4,4,112,TB09281,TC19647,E190,2005
CE0838,F,1,4,4,4,4,112,TB09281,TC19647,E190,2005
CE0839,M,1,3.1,4,4,4,112,TB09281,TC19647,E190,2005
CE0840,M,1,2.2,4,4,4,112,TA14509,TB09092,E190,2005
CE0841,M,1,4.3,3,4,4,112,TB09173,TB09070,E191,2005
CE0842,M,1,4.1,3,4,4,112,TB09173,TB09070,E191,2005
CE0843,M,0,2.5,3,4,4,112,TB09173,TB09070,E191,2005
CE0844,F,0,,3,4,4,112,TB09281,TC19647,E191,2005
CE0845,F,0,3.3,4,4,5,113,TB09116,TC19697,E192,2005
CE0846,M,0,2.8,4,4,5,113,TB09055,TC19577,E192,2005
CE0847,M,0,2.9,4,4,5,113,TA14509,TB09092,E192,2005
CE0848,F,0,2.1,4,4,5,113,TB09116,TC19697,E192,2005
CE0850,F,1,6.7,3,4,6,113,TB09173,TB09070,E193,2005
CE0851,M,1,4.3,3,4,6,113,TB09055,TC19577,E193,2005
CE0852,F,0,2.5,3,4,6,113,TA14509,TB09092,E193,2005
CE0853,M,0,,3,4,6,113,TA14509,TB09092,E193,2005
CE0856,M,1,4.9,3,3,5,114,TB09055,TC19577,E194,2005
CE0857,F,1,4.4,3,3,5,114,TB09055,TC19577,E194,2005
CE0858,M,0,2.8,3,3,5,114,TB09115,TC19664,E194,2005
CE0861,F,0,2.4,2,3,4,114,TB09116,TC19697,E195,2005
CE0862,M,0,1.9,2,3,4,114,TB09115,TC19664,E195,2005
CE0865,M,1,3.5,6,6,6,115,VX04422,VX04228,E196,2005
CE0866,M,1,3.3,6,6,6,115,VX04422,VX04228,E196,2005
CE0867,F,1,2.8,6,6,6,115,VX04422,VX04228,E196,2005
CE0868,F,0,2.5,6,6,6,115,VV78215,TB09084,E196,2005
CE0869,M,0,2.4,6,6,6,115,VV78215,TB09084,E196,2005
CE0870,M,0,2,6,6,6,115,VV78215,TB09084,E196,2005
CE0871,M,1,4.9,3,3,4,116,TC19690,VX04453,E197,2005
CE0872,M,1,4.4,3,3,4,116,TC19690,VX04453,E197,2005
CE0873,M,0,2.5,3,3,4,116,TC19690,VX04453,E197,2005
CE0875,F,1,4,3,3,5,116,TC19690,VX04453,E198,2005
CE0876,M,0,2.8,3,3,5,116,TC19690,VX04453,E198,2005
CE0877,F,0,1.9,3,3,5,116,TC19690,VX04453,E198,2005
CE0880,F,0,2.6,3,4,4,116,TC19507,TB09063,E199,2005
CE0881,F,0,2,3,4,4,116,TC19507,TB09063,E199,2005
CE0882,F,0,2.4,3,4,4,116,TC19507,TB09063,E199,2005
CE0884,F,0,4,4,4,4,117,VX04286,TB09068,E200,2005
CE0885,M,1,3.4,4,4,4,117,VX04286,TB09068,E200,2005
CE0886,F,1,2.2,4,4,4,117,VX04286,TB09068,E200,2005
CE0887,M,0,2.2,4,4,4,117,VX04286,TB09068,E200,2005
CE0888,F,0,2.2,2,3,3,117,TC19671,TC19529,E201,2005
CE0889,F,0,1.5,2,3,3,117,TC19671,TC19529,E201,2005
CE0891,M,0,2.9,4,4,4,117,VX04486,TB09284,E202,2005
CE0892,M,1,3.2,4,4,4,117,VX04486,TB09284,E202,2005
CE0893,F,0,1.9,4,4,4,117,TC19658,TB09016,E202,2005
CE0894,F,0,2.2,4,4,4,117,TC19658,TB09016,E202,2005
CE0895,M,1,3.5,4,4,4,117,VX04486,TB09284,E203,2005
CE0896,M,0,2.9,4,4,4,117,TC19658,TB09016,E203,2005
CE0897,M,0,2.4,4,4,4,117,TC19658,TB09016,E203,2005
CE0899,M,0,5.7,4,4,4,117,TA14612,TB09184,E204,2005
CE0900,F,1,4.4,4,4,4,117,TA14612,TB09184,E204,2005
CE0901,M,1,3.6,4,4,4,117,TA14612,TB09184,E204,2005
CE0902,F,0,2.4,4,4,4,117,VX04286,TB09068,E204,2005
CE0903,F,1,5,4,4,4,118,TA14518,TC19628,E205,2005
CE0904,F,1,5.1,4,4,4,118,TA14553,TA14506,E205,2005
CE0905,F,1,4.8,4,4,4,118,TA14553,TA14506,E205,2005
CE0906,M,1,3.5,4,4,4,118,TA14518,TC19628,E205,2005
CE0907,F,1,5.1,2,3,4,118,TB09109,TA14638,E206,2005
CE0908,F,1,3.2,2,3,4,118,TB09109,TA14638,E206,2005
CE0911,F,1,5.4,3,3,4,119,TB09109,TA14638,E207,2005
CE0912,M,1,4.5,3,3,4,119,TB09109,TA14638,E207,2005
CE0913,M,1,3.6,3,3,4,119,TA14518,TC19628,E207,2005
CE0915,F,0,1.6,2,2,4,119,TB09188,TA14502,E208,2005
CE0916,F,0,1.5,2,2,4,119,TB09188,TA14502,E208,2005
CE0919,M,0,2.6,5,5,5,120,VX04353,TC19696,E209,2005
CE0920,M,0,2.6,5,5,5,120,VX04447,TB09133,E209,2005
CE0921,F,0,2.6,5,5,5,120,VX04353,TC19696,E209,2005
CE0922,F,0,1.5,5,5,5,120,VX04353,TC19696,E209,2005
CE0923,M,0,1.5,5,5,5,120,VX04353,TC19696,E209,2005
CE0924,F,1,3.7,4,4,4,120,VX04208,TA14548,E210,2005
CE0925,F,1,3.7,4,4,4,120,VX04208,TA14548,E210,2005
CE0926,F,1,3.2,4,4,4,120,VX04208,TA14548,E210,2005
CE0927,M,1,2,4,4,4,120,VX04208,TA14548,E210,2005
CE0928,F,0,3.2,4,4,4,120,VX04353,TC19696,E211,2005
CE0929,M,0,3.2,4,4,4,120,VX04447,TB09133,E211,2005
CE0930,F,0,1.9,4,4,4,120,VX04447,TB09133,E211,2005
CE0931,F,0,1.5,4,4,4,120,VX04447,TB09133,E211,2005
CE0932,F,0,3,2,2,4,120,TB09027,TB09118,E212,2005
CE0933,M,0,2.4,2,2,4,120,TB09027,TB09118,E212,2005
CE0936,M,1,3.7,2,2,4,120,TC19554,TB09069,E213,2005
CE0937,F,0,2.7,2,2,4,120,TB09115,TB09280,E213,2005
CE0940,M,1,4,2,2,4,120,TC19554,TB09069,E214,2005
CE0941,M,1,3.4,2,2,4,120,TC19554,TB09069,E214,2005
CE0944,F,1,4.8,4,4,4,121,VX04306,VX04363,E215,2005
CE0945,F,1,4.2,4,4,4,121,VX04306,VX04363,E215,2005
CE0946,F,1,4.3,4,4,4,121,VX04306,VX04363,E215,2005
CE0947,M,1,2.4,4,4,4,121,VX04306,VX04363,E215,2005
CE0948,M,0,6.3,3,3,4,121,TB09115,TB09280,E216,2005
CE0949,F,1,6.2,3,3,4,121,VX04229,TC19619,E216,2005
CE0950,M,1,6.3,3,3,4,121,VX04229,TC19619,E216,2005
CE0952,F,1,3.4,1,1,3,122,TB09257,TB09206,E217,2005
CE0955,M,0,,0,4,4,123,VX04207,TB09286,E218,2005
CE0956,F,0,,0,4,4,123,VX04207,TB09286,E218,2005
CE0959,F,1,6.1,0,4,4,124,VX04365,VX04369,E219,2005
CE0960,F,1,5.7,0,4,4,124,VX04365,VX04369,E219,2005
CE0961,F,1,4,0,4,4,124,VX04365,VX04369,E219,2005
CE0962,F,0,1.6,0,4,4,124,VX04365,VX04369,E219,2005
CE0963,F,1,3.9,3,4,4,127,VS50136,TB09182,E220,2005
CE0964,M,1,2.9,3,4,4,127,VS50136,TB09182,E220,2005
CE0965,M,1,2.9,3,4,4,127,VS50136,TB09182,E220,2005
CE0967,M,1,6.9,3,3,3,127,TB09046,TB09089,E221,2005
CE0968,M,1,5.9,3,3,3,127,TB09046,TB09089,E221,2005
CE0969,F,1,4.8,3,3,3,127,TB09046,TB09089,E221,2005
CE0970,F,1,5.1,4,4,4,129,TA14574,TA14645,E222,2005
CE0971,F,1,4.5,4,4,4,129,TA14574,TA14645,E222,2005
CE0972,F,1,3.6,4,4,4,129,TA14574,TA14645,E222,2005
CE0973,M,1,3.2,4,4,4,129,TA14574,TA14645,E222,2005
CE0974,F,1,5,3,3,3,130,TA14518,TA14554,E223,2005
CE0975,F,0,4.8,3,3,3,130,TB09236,TB09036,E223,2005
CE0976,M,0,3.3,3,3,3,130,TB09236,TB09036,E223,2005
CE0977,F,0,5,1,2,3,130,TB09236,TB09036,E224,2005
CE0980,M,0,4.1,4,4,4,131,TB09229,TB09131,E225,2005
CE0981,F,0,4.1,4,4,4,131,TB09229,TB09131,E225,2005
CE0982,F,0,2.9,4,4,4,131,TB09229,TB09131,E225,2005
CE0983,M,0,2.4,4,4,4,131,TB09229,TB09131,E225,2005
CE0991,F,0,6.3,3,3,4,134,TB09299,VX04291,E229,2005
CE0992,M,0,5.3,3,3,4,134,TB09299,VX04291,E229,2005
CE0993,F,0,2.8,3,3,4,134,TB09299,VX04291,E229,2005
CE0995,M,0,3.5,1,1,3,135,TB09105,TB09072,E230,2005
CE1001,M,1,7.1,4,4,4,136,TC19676,TB09234,E232,2005
CE1002,F,1,5.7,4,4,4,136,TC19676,TB09234,E232,2005
CE1003,F,1,5.2,4,4,4,136,TC19676,TB09234,E232,2005
CE1004,M,1,2.8,4,4,4,136,VS06799,TA14530,E232,2005
CE1014,F,1,4.7,3,3,4,136,VS06799,TA14530,E235,2005
CE1015,F,1,3,3,3,4,136,VS06799,TA14530,E235,2005
CE1016,F,0,2,3,3,4,136,VS06799,TA14530,E235,2005
CE1018,F,0,,2,4,4,137,VV78215,TB09084,E236,2005
CE1020,M,0,3.2,2,4,4,137,VV78215,TB09084,E236,2005
CE1021,M,0,2.1,2,4,4,137,VV78215,TB09084,E236,2005
CE1026,F,1,5.8,2,3,4,139,VX04406,TB09185,E238,2005
CE1027,M,1,5.1,2,3,4,139,VX04406,TB09185,E238,2005
CE1028,M,1,2.8,2,3,4,139,VX04406,TB09185,E238,2005
CE1030,M,1,3,4,4,4,141,TB09178,TB09153,E239,2005
CE1031,M,1,3,4,4,4,141,TB09178,TB09153,E239,2005
CE1032,F,1,2.4,4,4,4,141,TB09178,TB09153,E239,2005
CE1033,F,0,2.1,4,4,4,141,TB09178,TB09153,E239,2005
CE1034,M,1,3.9,5,5,5,141,VX04353,TC19696,E240,2005
CE1035,M,1,3.7,5,5,5,141,VX04353,TC19696,E240,2005
CE1036,F,1,3.5,5,5,5,141,VX04353,TC19696,E240,2005
CE1037,M,0,2.8,5,5,5,141,TB09188,TA14502,E240,2005
CE1038,F,0,2,5,5,5,141,TB09188,TA14502,E240,2005
CE1039,M,1,2.8,4,4,4,141,VX04378,TA14606,E241,2005
CE1040,F,1,2.2,4,4,4,141,VX04378,TA14606,E241,2005
CE1041,F,1,2,4,4,4,141,VX04378,TA14606,E241,2005
CE1042,M,1,2.3,4,4,4,141,VX04378,TA14606,E241,2005
CE1043,M,1,4.3,5,5,5,141,TA14573,TA14565,E242,2005
CE1044,M,0,4.2,5,5,5,141,TA14573,TA14565,E242,2005
CE1045,F,1,3.3,5,5,5,141,TA14573,TA14565,E242,2005
CE1046,F,1,2.3,5,5,5,141,TA14573,TA14565,E242,2005
CE1047,M,1,2.3,5,5,5,141,VX04378,TA14606,E242,2005
CE1048,F,0,3,2,2,3,141,VX04353,TC19696,E243,2005
CE1049,F,0,2.1,2,2,3,141,VX04353,TC19696,E243,2005
CE1061,M,1,,,,,,TC19689,TA14626,E244,2005
CE1062,F,1,,,,,,TB09116,TB09171,E245,2005
CE1063,F,0,,,,,,TB09116,TB09171,E245,2005
CE1064,F,0,,,,,,TB09116,TB09171,E245,2005
CE1065,M,1,,,,,,TB09116,TC19697,E246,2005
CE1066,F,0,,,,,,TB09116,TC19697,E246,2005
CE1067,F,1,,,,,100,TB09178,TB09153,E247,2005
CE1068,F,1,,,,,100,TB09178,TB09153,E247,2005
CE1069,M,1,,,,,100,TB09178,TB09153,E247,2005
CF0019,M,1,3,4,4,4,40,VX04306,TB09121,F005,2006
CF0020,M,0,3.1,4,4,4,40,VX04306,TB09121,F005,2006
CF0021,M,1,2.3,4,4,4,40,VX04306,TB09121,F005,2006
CF0022,M,0,2,4,4,4,40,VX04306,TB09121,F005,2006
CF0023,M,0,4.3,5,5,5,41,TB09254,TC19681,F006,2006
CF0024,M,1,4.1,5,5,5,41,VX04422,VX04228,F006,2006
CF0025,F,0,3.4,5,5,5,41,TB09254,TC19681,F006,2006
CF0026,F,0,3.1,5,5,5,41,VX04422,VX04228,F006,2006
CF0027,F,0,3.1,5,5,5,41,VX04422,VX04228,F006,2006
CF0028,M,1,5.7,2,4,4,41,VX04422,VX04228,F007,2006
CF0029,F,0,3.7,2,4,4,41,VX04422,VX04228,F007,2006
CF0033,M,0,2.7,4,4,5,42,TA14581,TA14505,F009,2006
CF0034,M,0,2.4,4,4,5,42,TA14581,TA14505,F009,2006
CF0035,M,0,2.6,4,4,5,42,VV78215,TB09084,F009,2006
CF0036,M,0,1.7,4,4,5,42,TA14581,TA14505,F009,2006
CF0038,F,0,2.4,3,3,4,42,TC19690,VX04453,F010,2006
CF0039,M,0,2.2,3,3,4,42,TC19690,VX04453,F010,2006
CF0040,M,0,2,3,3,4,42,TC19690,VX04453,F010,2006
CF0047,F,0,4.4,5,5,5,42,VV78215,TB09084,F012,2006
CF0048,F,0,3.7,5,5,5,42,VV78215,TB09084,F012,2006
CF0049,F,0,3.1,5,5,5,42,VV78215,TB09084,F012,2006
CF0050,M,0,2.2,5,5,5,42,TA14581,TA14505,F012,2006
CF0051,M,0,2.1,5,5,5,42,VV78215,TB09084,F012,2006
CF0052,M,0,3.7,3,3,3,44,TB09299,TC19871,F013,2006
CF0053,M,0,3.4,3,3,3,44,TB09299,TC19871,F013,2006
CF0054,M,0,2.8,3,3,3,44,TB09299,TC19871,F013,2006
CF0057,M,0,2.3,4,4,4,44,TB09299,TC19871,F014,2006
CF0072,M,0,4.3,2,2,4,46,TA14529,TA14600,F018,2006
CF0073,M,0,3.8,2,2,4,46,TA14529,TA14600,F018,2006
CF0088,F,0,2.3,3,4,5,49,TB09055,TC19577,F023,2006
CF0089,F,0,2.1,3,4,5,49,TB09055,TC19577,F023,2006
CF0091,M,0,,3,4,5,49,TB09055,TC19577,F023,2006
CF0095,M,0,2.1,4,4,4,51,TA14644,VX04473,F024,2006
CF0096,M,0,2,4,4,4,51,TA14644,VX04473,F024,2006
CF0102,M,0,2.5,4,4,4,52,TC19724,TC19844,F027,2006
CF0103,M,0,2.4,4,4,4,52,TC19724,TC19844,F027,2006
CF0104,F,0,2.2,4,4,4,52,TB09259,TB09153,F027,2006
CF0105,F,0,,4,4,4,52,TB09259,TB09153,F027,2006
CF0106,M,0,3.5,3,3,3,52,TB09259,TB09153,F028,2006
CF0107,M,0,3,3,3,3,52,TB09259,TB09153,F028,2006
CF0108,M,0,2.1,3,3,3,52,TC19724,TC19844,F028,2006
CF0109,F,0,2,4,4,4,53,TB09281,TC19647,F029,2006
CF0110,F,0,2,4,4,4,53,TB09281,TC19647,F029,2006
CF0111,F,0,2.2,4,4,4,53,TB09281,TC19647,F029,2006
CF0112,M,0,1.8,4,4,4,53,TB09281,TC19647,F029,2006
CF0132,M,1,3.6,3,4,4,62,TC19769,TC19587,F038,2006
CF0133,F,1,3.2,3,4,4,62,TC19769,TC19587,F038,2006
CF0134,M,1,3.4,3,4,4,62,TC19769,TC19587,F038,2006
CF0136,M,1,3.5,1,1,4,65,TA14581,TA14505,F039,2006
CF0140,F,0,2.6,2,3,3,65,TA14581,TA14505,F040,2006
CF0141,M,0,2.6,2,3,3,65,VX04489,TA14548,F040,2006
CF0142,F,0,,2,3,3,65,TA14581,TA14505,F040,2006
CF0143,M,0,3.7,3,3,4,66,TC19991,VX04453,F041,2006
CF0144,M,0,2.6,3,3,4,66,TC19991,VX04453,F041,2006
CF0145,F,1,2.3,3,3,4,66,TC19991,VX04453,F041,2006
CF0150,M,0,3.6,4,4,4,67,VX04489,TB09185,F043,2006
CF0151,F,0,3.2,4,4,4,67,VX04489,TB09185,F043,2006
CF0152,F,0,2.3,4,4,4,67,VX04489,TB09185,F043,2006
CF0153,M,0,2.2,4,4,4,67,VX04489,TB09185,F043,2006
CF0154,F,0,3.7,4,5,5,67,TB09170,VS50188,F044,2006
CF0155,M,0,3.1,4,5,5,67,TB09170,VS50188,F044,2006
CF0156,M,1,4.3,4,5,5,67,TB09170,VS50188,F044,2006
CF0157,F,0,2,4,5,5,67,TB09170,VS50188,F044,2006
CF0162,F,0,2.2,4,4,5,69,TC19603,TC19976,F046,2006
CF0163,M,0,2.6,4,4,5,69,TC19603,TC19976,F046,2006
CF0164,M,0,1.9,4,4,5,69,TC19603,TC19976,F046,2006
CF0165,M,0,2.2,4,4,5,69,TC19603,TC19976,F046,2006
CF0172,F,1,4.4,2,2,4,72,TB09254,TA66256,F049,2006
CF0173,M,1,4.1,2,2,4,72,TB09254,TA66256,F049,2006
CF0177,M,0,4.5,3,4,4,73,TC19879,TE74310,F051,2006
CF0178,F,1,4.4,3,4,4,73,TC19879,TE74310,F051,2006
CF0179,F,0,2.5,3,4,4,73,TB09254,TA66256,F051,2006
CF0180,F,0,,3,4,4,73,TB09254,TA66256,F051,2006
CF0181,M,0,3.4,4,4,4,74,VV78215,TB09084,F052,2006
CF0182,M,0,3.5,4,4,4,74,VV78215,TB09084,F052,2006
CF0183,M,0,2,4,4,4,74,VV78215,TB09084,F052,2006
CF0184,M,0,3.4,4,4,4,74,VV78215,TB09084,F052,2006
CF0189,M,0,4.2,3,4,4,75,TB09055,TC19577,F054,2006
CF0190,F,1,3.9,3,4,4,75,VX04207,TC19906,F054,2006
CF0191,F,0,2.4,3,4,4,75,VX04207,TC19906,F054,2006
CF0192,F,0,,3,4,4,75,VX04207,TC19906,F054,2006
CF0193,F,1,4.2,4,4,4,75,VX04207,TC19906,F055,2006
CF0194,M,0,3.4,4,4,4,75,TB09055,TC19577,F055,2006
CF0195,M,0,3.3,4,4,4,75,TB09055,TC19577,F055,2006
CF0196,M,0,2.4,4,4,4,75,TB09055,TC19577,F055,2006
CF0204,M,1,6.6,3,4,4,78,TA14644,VX04473,F058,2006
CF0205,M,1,4.3,3,4,4,78,TC19846,TB09230,F058,2006
CF0206,F,0,,3,4,4,78,TA14644,VX04473,F058,2006
CF0207,M,1,3.2,3,4,4,78,TA14644,VX04473,F058,2006
CF0208,M,1,4.4,4,4,4,78,TC19846,TB09230,F059,2006
CF0209,M,1,3.8,4,4,4,78,TC19846,TB09230,F059,2006
CF0210,M,1,3.7,4,4,4,78,TA14644,VX04473,F059,2006
CF0211,M,1,2.3,4,4,4,78,TC19846,TB09230,F059,2006
CF0212,M,1,,0,,,64,TC19689,TA14626,F060,2006
CF0213,M,1,,0,,,64,TC19689,TA14626,F060,2006
CF0215,F,1,5,3,3,3,79,TC19699,TC19893,F061,2006
CF0216,F,1,4.9,3,3,3,79,TC19699,TC19893,F061,2006
CF0217,M,1,3.7,3,3,3,79,TC19699,TC19893,F061,2006
CF0218,F,1,5.8,3,3,4,79,TA14531,TB09036,F062,2006
CF0219,F,0,4.3,3,3,4,79,TA14531,TB09036,F062,2006
CF0220,F,1,3.7,3,3,4,79,TA14531,TB09036,F062,2006
CF0227,M,1,4.7,5,5,5,80,TB09259,TB09153,F064,2006
CF0228,M,1,3.8,5,5,5,80,TB09259,TB09153,F064,2006
CF0229,M,0,3.7,5,5,5,80,TC19735,TC19647,F064,2006
CF0230,M,0,3.2,5,5,5,80,TB09259,TB09153,F064,2006
CF0231,F,1,2.1,5,5,5,80,TB09259,TB09153,F064,2006
CF0232,M,1,5.9,4,4,4,80,TC19735,TC19647,F065,2006
CF0233,M,1,5.3,4,4,4,80,TC19735,TC19647,F065,2006
CF0234,F,1,5,4,4,4,80,TC19735,TC19647,F065,2006
CF0235,M,0,3.3,4,4,4,80,TC19735,TC19647,F065,2006
CF0236,M,1,4.1,2,2,4,81,TB09109,TB09206,F066,2006
CF0237,F,0,2.7,2,2,4,81,TB09173,TB09070,F066,2006
CF0240,M,0,3.7,5,5,5,81,TC19727,TC19870,F067,2006
CF0241,M,0,3.4,5,5,5,81,TC19727,TC19870,F067,2006
CF0242,M,1,3.5,5,5,5,81,TB09105,TB09097,F067,2006
CF0243,M,1,3.5,5,5,5,81,TB09105,TB09097,F067,2006
CF0244,M,1,2.4,5,5,5,81,TB09105,TB09097,F067,2006
CF0246,F,0,2.4,3,3,4,81,TB09105,TB09097,F068,2006
CF0247,F,0,2.2,3,3,4,81,TC19727,TC19870,F068,2006
CF0250,M,1,5.1,4,4,4,82,TB09109,TB09206,F070,2006
CF0251,F,0,5.3,4,4,4,82,TB09173,TB09070,F070,2006
CF0252,F,1,4.2,4,4,4,82,TB09173,TB09070,F070,2006
CF0253,F,1,3.5,4,4,4,82,TB09173,TB09070,F070,2006
CF0257,F,0,,0,5,5,83,VX04378,TA14606,F072,2006
CF0266,M,1,3.8,4,4,4,83,VX04422,VX04228,F074,2006
CF0267,M,1,3.6,4,4,4,83,TC19507,TC19713,F074,2006
CF0268,M,1,3.9,4,4,4,83,TC19507,TC19713,F074,2006
CF0269,F,1,2.1,4,4,4,83,TC19507,TC19713,F074,2006
CF0270,F,1,5.5,3,3,3,83,TC19554,TB09069,F075,2006
CF0271,F,1,6.2,3,3,3,83,TC19554,TB09069,F075,2006
CF0272,M,1,5.6,3,3,3,83,TC19554,TB09069,F075,2006
CF0273,F,1,2.3,3,3,5,83,VX04422,VX04228,F076,2006
CF0274,M,1,3.5,3,3,5,83,VX04422,VX04228,F076,2006
CF0275,F,1,2.1,3,3,5,83,VX04422,VX04228,F076,2006
CF0281,F,0,2.8,4,4,4,83,TC19507,TC19713,F077,2006
CF0282,F,1,3.7,2,2,4,84,TC19753,TB09068,F078,2006
CF0283,F,1,3.5,2,2,4,84,TC19753,TB09068,F078,2006
CF0286,M,0,4.5,2,2,4,84,TC19988,TB09067,F079,2006
CF0287,F,1,3,2,2,4,84,TC19988,TB09067,F079,2006
CF0291,M,1,,,,,82,TA14529,TA14600,F081,2006
CF0292,M,1,,,,,82,TA14529,TA14600,F081,2006
CF0293,M,1,,,,,82,TA14529,TA14600,F081,2006
CF0294,F,1,,,,,80,TE74312,TC19774,F082,2006
CF0295,M,1,,,,,80,TE74312,TC19774,F082,2006
CF0296,M,1,,,,,80,TE74312,TC19774,F082,2006
CF0302,M,1,5.5,4,4,5,88,TA14647,TA14548,F084,2006
CF0303,M,0,4.4,4,4,5,88,TA14573,TC19921,F084,2006
CF0304,M,1,4.9,4,4,5,88,TA14647,TA14548,F084,2006
CF0305,F,0,2.4,4,4,5,88,TA14573,TC19921,F084,2006
CF0316,F,0,3.4,3,3,5,92,TC19603,TC19976,F087,2006
CF0317,F,0,3.1,3,3,5,92,TC19603,TC19976,F087,2006
CF0318,M,0,2.1,3,3,5,92,TC19603,TC19976,F087,2006
CF0321,F,0,3.5,5,5,5,92,VX04326,TA14601,F088,2006
CF0322,M,0,3,5,5,5,92,VX04326,TA14601,F088,2006
CF0323,M,0,2.6,5,5,5,92,TC19603,TC19976,F088,2006
CF0324,M,0,2,5,5,5,92,VX04326,TA14601,F088,2006
CF0325,M,0,1.6,5,5,5,92,TC19603,TC19976,F088,2006
CF0326,M,1,6.1,5,5,5,93,TC19908,TB09185,F089,2006
CF0327,F,1,5.1,5,5,5,93,TC19908,TB09185,F089,2006
CF0328,M,0,4.5,5,5,5,93,TC19908,TB09185,F089,2006
CF0329,F,0,2.7,5,5,5,93,TC19908,TB09185,F089,2006
CF0330,M,0,2.2,5,5,5,93,TC19908,TB09185,F089,2006
CF0331,M,1,3.9,3,3,5,98,TC19899,VX04453,F090,2006
CF0332,F,0,3.5,3,3,5,98,TC19899,VX04453,F090,2006
CF0333,F,1,2.1,3,3,5,98,TC19899,VX04453,F090,2006
CF0336,F,1,4.7,4,4,4,98,TE74303,TC19709,F091,2006
CF0337,F,1,3.9,4,4,4,98,TE74303,TC19709,F091,2006
CF0338,F,1,2.9,4,4,4,98,TE74303,TC19709,F091,2006
CF0339,M,0,2.7,4,4,4,98,TC19899,VX04453,F091,2006
CF0342,F,0,2,5,5,5,100,TA14581,TA14505,F093,2006
CF0343,M,0,1.9,5,5,5,100,TA14581,TA14505,F093,2006
CF0345,F,0,1.5,5,5,5,100,TA14581,TA14505,F093,2006
CF0346,F,0,1.8,5,5,5,100,TA14581,TA14505,F093,2006
CF0347,F,1,4.3,5,5,5,100,TE74309,TC19966,F094,2006
CF0348,M,0,3.7,5,5,5,100,VV78215,TB09084,F094,2006
CF0349,F,1,3.4,5,5,5,100,TE74309,TC19966,F094,2006
CF0350,F,1,2.9,5,5,5,100,TE74309,TC19966,F094,2006
CF0351,F,0,2.9,5,5,5,100,VV78215,TB09084,F094,2006
CF0352,M,1,4.3,3,3,3,100,VV78215,TB09084,F095,2006
CF0353,M,1,4.3,3,3,3,100,VV78215,TB09084,F095,2006
CF0354,F,1,3.3,3,3,3,100,VV78215,TB09084,F095,2006
CF0355,F,1,4.8,4,4,4,102,TB09055,TC19577,F096,2006
CF0356,M,1,4.2,4,4,4,102,TB09055,TC19577,F096,2006
CF0357,F,1,3.7,4,4,4,102,TB09055,TC19577,F096,2006
CF0358,M,0,2.2,4,4,4,102,TB09055,TC19577,F096,2006
CF0363,M,1,4.7,4,4,5,103,TB09183,TB09099,F097,2006
CF0364,M,1,3.7,4,4,5,103,TB09183,TB09099,F097,2006
CF0365,M,0,3.4,4,4,5,103,TB09183,TB09099,F097,2006
CF0366,M,0,2,4,4,5,103,TB09183,TB09099,F097,2006
CF0368,M,1,3.2,2,3,5,104,VX04207,TB09182,F098,2006
CF0369,M,1,2.8,2,3,5,104,VX04207,TB09182,F098,2006
CF0370,M,0,,2,3,5,104,VX04207,TB09182,F098,2006
CF0377,M,1,3.8,5,5,5,106,TA66217,TA66256,F100,2006
CF0378,F,1,3.5,5,5,5,106,TA66217,TA66256,F100,2006
CF0379,M,1,2.9,5,5,5,106,TA66217,TA66256,F100,2006
CF0382,M,1,5.1,1,1,3,107,TC19724,TA14626,F101,2006
CF0385,F,1,,,,,106,TC19840,TC19821,F102,2006
CF0386,M,1,,,,,106,TC19840,TC19821,F102,2006
CF0387,M,1,,,,,106,TC19840,TC19821,F102,2006
CF0388,M,1,,,,,106,TC19840,TC19821,F102,2006
CF0389,F,1,,,,,103,TB09170,VS50188,F103,2006
CF0391,M,1,6,4,4,5,115,TA14644,VX04473,F104,2006
CF0392,M,1,4.7,4,4,5,115,TA14644,VX04473,F104,2006
CF0393,M,1,3.9,4,4,5,115,TA14644,VX04473,F104,2006
CF0394,F,1,2.3,4,4,5,115,TA14644,VX04473,F104,2006
CF0398,M,1,3.4,4,4,4,116,VX04207,TC19906,F106,2006
CF0399,M,0,2.5,4,4,4,116,VX04207,TC19906,F106,2006
CF0400,F,0,2.4,4,4,4,116,VX04207,TC19906,F106,2006
CF0401,F,1,2.3,4,4,4,116,VX04207,TC19906,F106,2006
CF0402,F,1,4.3,1,1,5,117,TA14531,TB09036,F107,2006
CF0407,F,1,6,5,5,5,117,TA14531,TB09036,F108,2006
CF0408,F,1,5.3,5,5,5,117,TA14531,TB09036,F108,2006
CF0409,F,1,5.5,5,5,5,117,TA14531,TB09036,F108,2006
CF0410,M,0,4.4,5,5,5,117,TA14531,TB09036,F108,2006
CF0411,F,0,4.1,5,5,5,117,TC19895,TA14601,F108,2006
CF0415,F,1,3,3,3,4,118,TC19689,TC19976,F109,2006
CF0416,F,1,3.4,3,3,4,118,TC19689,TC19976,F109,2006
CF0417,M,1,2,3,3,4,118,TC19689,TC19976,F109,2006
CF0423,F,1,6.1,4,4,4,119,TB09173,TB09070,F111,2006
CF0424,F,1,6.2,4,4,4,119,TB09173,TB09070,F111,2006
CF0425,M,1,3.7,4,4,4,119,TB09173,TB09070,F111,2006
CF0426,F,0,2.3,4,4,4,119,TB09173,TB09070,F111,2006
CF0427,F,1,5.5,4,4,4,120,TC19699,TC19893,F112,2006
CF0428,M,1,5.8,4,4,4,120,TC19699,TC19893,F112,2006
CF0429,M,0,4.6,4,4,4,120,TC19699,TC19893,F112,2006
CF0430,F,1,3.7,4,4,4,120,TC19699,TC19893,F112,2006
CF0431,M,0,3.8,1,1,3,121,VX04422,VX04228,F113,2006
CF0434,M,0,3.7,4,4,4,121,TA66217,TC19647,F114,2006
CF0435,F,1,4.1,4,4,4,121,TA66217,TC19647,F114,2006
CF0436,F,1,3.7,4,4,4,121,TA66217,TC19647,F114,2006
CF0437,F,1,2.4,4,4,4,121,TA66217,TC19647,F114,2006
CF0438,F,0,3.5,5,5,5,121,TC19991,TA14505,F115,2006
CF0439,F,1,3.5,5,5,5,121,VX04422,VX04228,F115,2006
CF0440,F,1,3.4,5,5,5,121,VX04422,VX04228,F115,2006
CF0441,M,1,3,5,5,5,121,VX04422,VX04228,F115,2006
CF0442,F,0,2.2,5,5,5,121,VX04422,VX04228,F115,2006
CF0443,F,0,4.7,4,4,4,121,TC19988,TB09067,F116,2006
CF0444,F,1,5.1,4,4,4,121,TC19988,TB09067,F116,2006
CF0445,M,1,5.3,4,4,4,121,TC19988,TB09067,F116,2006
CF0446,M,1,2.9,4,4,4,121,TC19988,TB09067,F116,2006
CF0447,F,1,4.8,2,2,5,122,TB09105,TB09097,F117,2006
CF0448,F,1,4.1,2,2,5,122,TB09105,TB09097,F117,2006
CF0452,F,1,4.6,2,2,5,122,TC19507,TC19799,F118,2006
CF0453,M,1,3.9,2,2,5,122,TC19507,TC19799,F118,2006
CF0460,M,0,,,,,124,TC19554,TB09069,F120,2006
CF0461,F,1,,,,,124,TC19554,TB09069,F120,2006
CF0462,F,1,,,,,124,TC19554,TB09069,F120,2006
CF0463,M,1,,,,,124,TC19554,TB09069,F120,2006
CF0468,F,0,4.9,4,4,4,124,VX04286,TB09068,F122,2006
CF0469,F,0,4.1,4,4,4,124,TA14529,TA14600,F122,2006
CF0470,F,1,3.7,4,4,4,124,VX04286,TB09068,F122,2006
CF0471,F,0,2.3,4,4,4,124,VX04286,TB09068,F122,2006
CF0472,M,0,3.7,4,4,4,124,TA14529,TA14600,F123,2006
CF0473,F,0,2.9,4,4,4,124,TA14529,TA14600,F123,2006
CF0474,F,0,2.6,4,4,4,124,VX04286,TB09068,F123,2006
CF0475,M,0,2.2,4,4,4,124,TA14529,TA14600,F123,2006
CF0476,M,1,,0,,,127,TC19957,TC19569,F124,2006
CF0477,F,1,,0,,,127,TC19957,TC19569,F124,2006
CF0478,F,0,,0,,,127,TC19957,TC19569,F124,2006
CF0479,F,0,,0,,,127,TC19957,TC19569,F124,2006
CF0482,M,0,3.2,4,4,5,133,TC19899,VX04453,F126,2006
CF0483,F,0,2.5,4,4,5,133,TC19899,VX04453,F126,2006
CF0484,M,1,2.7,4,4,5,133,TC19899,VX04453,F126,2006
CF0485,M,0,2.2,4,4,5,133,TC19899,VX04453,F126,2006
CF0491,M,0,,0,,,122,TE74345,TB09171,F127,2006
CF0492,M,0,2.4,2,4,4,137,TB09055,TC19577,F128,2006
CF0493,M,0,2.3,2,4,4,137,TB09055,TC19577,F128,2006
CF0494,M,0,,2,4,4,137,TB09055,TC19577,F128,2006